score,id,Title,Parent,Parent Slug
12877.5,3422,Today's Minimum Mortgage Requirements,146,home/mortgage
12263.1,3468,Benefits of Closing at the End of the Month: When is Your First Mortgage Payment Due?,146,home/mortgage
7184,3350,How to Lower Your Mortgage Payment,150,home/refinance
5767.6,7077,Home Loans For Bad Credit,146,home/mortgage
5179.2,3325,Get a Home Equity Loan with Bad Credit,142,home/home-equity
4059.9,6016,Unsecured Loans after Bankruptcy: What You Need to Know,3123,personal/unsecured
3807.3,3314,How Much are Home Equity Loan Closing Costs?,142,home/home-equity
3687.1,3040,Car Loan Documentation Checklist: The 8 Things You Need,99,auto
3612.1,3569,Refinancing an Upside Down Car Loan,7509,auto/refinance/car-loans
3380.8,3527,Understanding Construction Loans,146,home/mortgage
3340.7,2353,Getting an FHA Construction Loan,27,home/fha
3284.2,7073,What Credit Score Do You Need to Buy a House?,146,home/mortgage
3277.1,5514,"Letter of Explanation: What, Why and How",146,home/mortgage
3030.7,5775,FHA Refinance: Conventional or Streamline?,27,home/fha
3023.1,7803,How to Qualify for a Home Equity Loan in 2018,142,home/home-equity
3011.8,411,Bad Credit Motorcycle Loans,113,auto/motorcycle
2920.7,16713,Can You Get a Home Equity Line of Credit on an Investment Property?,7471,home/home-equity/heloc
2800.4,3280,What Credit Score Do You Need for a Personal Loan?,164,personal
2655.3,3284,How to Qualify for a Personal Loan: Are you a good candidate?,164,personal
2654.7,3415,Do No Income Verification Mortgages Still Exist?,146,home/mortgage
2487,3329,How Much is My House Worth: Understanding Home Equity,142,home/home-equity
2453.8,3368,Learn How to Refinance With Bad Credit,150,home/refinance
2441.8,7799,How to Get a Bridge Loan,146,home/mortgage
2392.6,3000,Car Loans After Chapter 7 Bankruptcy,99,auto
2311,16226,How to Pay Off Your Car Loan Faster: 11 Hacks For Successful Payoff,109,auto/refinance
2279.5,401,Bad Credit Boat Loans: How to Get Approved,1389,boat
2269,6068,Q&A: Can You Buy a Money Order With a Credit Card?,133,credit-cards/tips
2257,19119,Toyota Financing: Know Your Options in 2018,99,auto
2237.2,3270,Can You Use a Personal Loan to Buy a Car Instead of an Auto Loan?,164,personal
2167.8,2218,Refinance Your Car into Someone Else's Name: Is it Possible?,7509,auto/refinance/car-loans
2141.7,3266,How to Finance a New AC Unit: What You Need to Know,164,personal
2098.6,3400,Complete Guide to HomeStyle Renovation Mortgage,146,home/mortgage
2092.5,3363,How Much Does It Cost To Refinance?,150,home/refinance
2009.6,441,84 Month Auto Loan: A Good Idea?,99,auto
1950.5,3288,Personal Loans With a Cosigner: Getting a Joint Personal Loan,164,personal
1933.8,2228,How Soon Can You Refinance a Car Loan?,7509,auto/refinance/car-loans
1903.5,3301,The Pros and Cons of a Home Equity Loan,142,home/home-equity
1809.6,3453,Investment Property Mortgage Rates,146,home/mortgage
1702.1,376,Bad Credit RV Loans: How to Get Approved,121,auto/rv
1639.7,407,Frequently Asked Questions About Buying a Boat,1389,boat
1631.8,3326,Home Equity Loan vs Home Equity Line of Credit,142,home/home-equity
1555.9,2368,Understanding the FHA CAIVRS Report,7503,home/fha/requirements
1541.1,3399,How To Buy Your Parent's Home,146,home/mortgage
1533.2,8286,Mobile & Manufactured Home Loan Guide,146,home/mortgage
1479.2,3278,Can You Refinance a Personal Loan?,164,personal
1475.4,29547,Understanding the EIN,7494,business/requirements
1468.1,3317,Can You Get a Home Equity Loan After Bankruptcy?,142,home/home-equity
1456.9,8456,"FHA Mortgage Insurance: What, Why and How Much",27,home/fha
1441.9,3403,Down Payment Requirements for Rental Property: What You Should to Know,146,home/mortgage
1415,15709,What Is a Private Party Auto Loan and How Do You Find One?,99,auto
1300,127,How to Get a Used Boat Loan,1389,boat
1262.2,14653,Financing Options for Plastic Surgery,164,personal
1247.6,3360,Can You Refinance After Bankruptcy?,150,home/refinance
1239.1,16692,How to Find the Best Boat Loan Rates,1389,boat
1231.7,3471,Getting a Mortgage After Bankruptcy: What You Need to Know,146,home/mortgage
1223,2226,Best Companies to Refinance Auto Loan with Bad Credit,109,auto/refinance
1222.9,9015,Collateral Loans 101: How do These Loans Work?,164,personal
1206,3404,Borrowing Money for a Down Payment,7449,home/mortgage/down-payment
1194.8,2359,FHA Loan Credit Score: What's the Real Minimum?,7503,home/fha/requirements
1190.1,3344,Can I Refinance? Refinance Requirements for Your Mortgage,150,home/refinance
1165.3,5783,What to do when you are denied credit by a lender,20369,credit-repair
1143.1,10808,What Credit Score is Needed for Refinancing?,150,home/refinance
1127,2229,How Often Can You Refinance Your Car?,7509,auto/refinance/car-loans
1102.9,2222,The Best (and Worst) Time to Refinance Your Auto Loan,109,auto/refinance
1083.2,3410,What happened to stated income loans?,146,home/mortgage
1071,3241,Using a Personal Loan to Pay Off Your Car,164,personal
1051,3454,The Lesser-Known 40-Year Mortgage: What You Should Know,146,home/mortgage
1043.7,7633,How to Buy a House With No Money Down?,7449,home/mortgage/down-payment
1011.2,3262,Types of Personal Loans: Which Option Works For You?,164,personal
1008.1,16061,Can You Lease a Boat and Is This The Best Decision?,1389,boat
1003.7,3261,How to Finance a Tiny House,164,personal
1001.1,30545,LendingTree Reveals the Cities with the Highest Share of Million-Dollar Homes,146,home/mortgage
996.2,5734,When is your mortgage payment late?,146,home/mortgage
991.7,2216,Auto Refinance With Bad Credit,109,auto/refinance
979.7,3022,What Credit Score is Needed to Buy a Car?,99,auto
956.6,6110,Can You Get a Mortgage with Credit Card Debt?,146,home/mortgage
946,5750,Getting Your Prequalification Letter,2990,home/mortgage/pre-approval
942.2,2346,203k Loan: Rehab Loans Courtesy of the FHA,27,home/fha
924.6,3359,Mobile Home Refinancing: Property Requirements,150,home/refinance
918.7,7064,Mortgage Application: How to Apply For a Mortgage,146,home/mortgage
896,3526,When is Your Mortgage Loan Approved?,146,home/mortgage
894.3,15796,Buying a Car Out of State: A How-To Guide,99,auto
881.3,6096,Business Loan vs. Personal Loan: Which Is Better for Your Small Business?,129,business
879.5,26278,How Long Does It Take to Refinance a House?,150,home/refinance
871.2,2999,Combining Auto Loans: Learn How to Consolidate Your Car Loan,99,auto
865.9,7834,Tips for First-Time Homebuyers with Bad Credit,146,home/mortgage
856.7,271,RV Financing: How To Finance an RV,121,auto/rv
850.3,9673,Long Term Personal Loans,164,personal
809.9,20981,Buying A Fixer-Upper: What Loans Are Available?,146,home/mortgage
778.8,3512,Everything You Should Know Before Buying a Condo,146,home/mortgage
766.4,6084,How to Get Medical Loans with Bad Credit,3113,personal/medical
765.3,2269,VA Construction Loans: A Few Things to Know,154,home/va
753.2,3535,No Closing Cost Mortgage Loans,7457,home/mortgage/closing-costs
750.8,7381,What Is a Reverse Mortgage?,234,home/reverse
748.8,3312,How Long Are Home Equity Loan Terms?,142,home/home-equity
745.1,3432,Mortgage News: CFPB Says Some Lenders Discriminated Against Social Security Recipients,146,home/mortgage
736.8,7937,How to Get a Business Auto Loan,99,auto
729,5834,10-Year Fixed Refinance Mortgage Loan,5299,home/mortgage/rates
724.5,2335,"What's the Difference Between these Types of Mortgages: FHA, HomeReady and Home Possible Mortgage?",27,home/fha
722.8,2306,How to Get Out of a Reverse Mortgage (Without Actually Dying),234,home/reverse
717.5,26178,What is a credit score & how is it calculated?,20369,credit-repair
716.3,6039,Can You Have Two of the Exact Same Rewards Credit Cards?,133,credit-cards/tips
713.6,3378,Should You Refinance Your ARM to a Fixed Rate Mortgage?,150,home/refinance
685,7904,How Much Equity Do You Need for a Reverse Mortgage?,234,home/reverse
653.5,2284,VA Loan Benefits and Disadvantages,154,home/va
651.6,3331,How to Refinance a HELOC,7471,home/home-equity/heloc
651.5,22572,Cash-Out Refinance: Know Your Options,7459,home/refinance/cash-out
648.4,3863,Classic Car Loans: How To Finance a Classic Car,99,auto
643.9,3328,"Cash-Out Refinance, HELOC and Home Equity Loans: Which Is Best for You?",142,home/home-equity
640,3276,Which is Better: A Personal Loan or Home Equity Loan?,164,personal
637.6,26297,5 Signs You Have Too Much Debt,138,debt-consolidation
636.2,3313,Using a Home Equity Loan to Buy a Car,142,home/home-equity
631.8,16844,How to Find the Best RV Loan Rates and Financing Terms,121,auto/rv
631.2,9931,What is PITI?,146,home/mortgage
628,26589,Using a HELOC for Debt Consolidation,7471,home/home-equity/heloc
617.9,6371,Personal Loans for People With Bad Credit,164,personal
604.5,3257,Using Personal Loans to Rebuild Credit,164,personal
595.3,2224,Should You Refinance Your Car or Trade It In?,7509,auto/refinance/car-loans
590.6,3472,Mortgages for a Vacation Home,146,home/mortgage
587.1,13604,Pros and Cons of FHA Loans,27,home/fha
578.1,3005,How to Get a Car Loan,99,auto
565.9,12160,New FHA Guidelines and Regulations,7503,home/fha/requirements
553.1,3549,Escrow: What it is and how it works,146,home/mortgage
547.1,1055,Types of MBA Degrees: Exploring Programs & MBA Financing,168,student
543.8,17150,Should I Pay Off My Car Loan Early or Not?,7509,auto/refinance/car-loans
543,26453,LendingTree Reveals the Cities With the Highest Rates of Denied Mortgage Applications,146,home/mortgage
539.9,3322,How to Get a Home Equity Loan,142,home/home-equity
538,16043,Home Improvement Loans with No Equity,7430,home/home-equity/home-improvement
535.7,3274,Pros and Cons of a Personal Line of Credit,7473,personal/personal-line-credit
533.8,5522,Credit Catastrophe? Improve Credit Scores in 5 Steps,20369,credit-repair
531,2341,An FHA Title 1 Loan Can Help Improve Your Home,27,home/fha
523.9,3016,First-Time Car Buyer Tips & Terminology,99,auto
515.6,3956,Short Term Business Loans: The Basics,8018,business/short-term
515.3,21025,Best Ways to Get a Personal Loan,164,personal
511.9,3511,What is a Balloon Mortgage Loan?,146,home/mortgage
511,671,When Business Loans are Necessary,129,business
507.6,13597,I Have a VA Mortgage. Can I Get a Home Equity Loan?,154,home/va
507.5,21208,How to Improve Your Chances of Getting Approved for a Personal Loan,164,personal
506.3,29829,13 Tips for Recovering After Bankruptcy,23650,bankruptcy
505.2,2254,VA Loan Closing Costs,154,home/va
504,2273,How to Apply for a VA Home Loan with a Non-VA Co-Borrower,7501,home/va/requirements
503.3,7661,Mortgage APR vs Interest Rate: What's the Difference?,5299,home/mortgage/rates
502.5,3507,How Do 80 10 10 Loans Work?,146,home/mortgage
499.7,6118,4 Credit Cards Perfect for a Home Remodeling Project,133,credit-cards/tips
497.2,2234,Cash Back Refinancing on Cars and Trucks: Pros and Cons,7509,auto/refinance/car-loans
497.1,29737,Does Checking My Credit Lower My Credit Score?,20369,credit-repair
495.8,2355,FHA vs. Conventional Mortgage: Which Loan Is Right for You?,7503,home/fha/requirements
488.6,30284,What Is the Debt Avalanche Method?,138,debt-consolidation
488,5188,What You Should Know Before Applying For a Mortgage,146,home/mortgage
487.2,2365,Getting An FHA Manufactured Home Loan,7503,home/fha/requirements
485.2,7817,How Much of an FHA Loan Can I Qualify for and Afford?,27,home/fha
481.6,2350,How to Qualify for an FHA Loan After Bankruptcy,7503,home/fha/requirements
480.5,3436,"Financing a Rental Property: How Can I, and Should I?",146,home/mortgage
478.6,24912,LendingTree Study: The Cost of Bankruptcy,23650,bankruptcy
478.5,5518,Is a 15/15 ARM Money Saver Loan for You?,146,home/mortgage
473.1,2265,VA Loans for Land: A Guide to Buying Land with a VA Loan,154,home/va
466.1,12776,FHA Home Requirements,7503,home/fha/requirements
465.4,29878,Where to Get the Best Auto Loan Rates in 2018,99,auto
461.6,3014,Understanding Car Loan Interest Rates,99,auto
454.6,3017,What Are the Different Types of Auto Loans?,99,auto
437.1,6008,Mortgage APR: How to Compare Home Loans,5299,home/mortgage/rates
435.9,3251,What are Personal Loan Used For: 15 Uses for a Personal Loan,164,personal
435,5995,How Long Does Negative Information Stay on my Credit Reports?,20369,credit-repair
430.6,3425,How Does a Mortgage Work?,146,home/mortgage
430.1,30311,401(k) Loan to Pay Off Debt: Is It a Good Idea?,138,debt-consolidation
425.8,7603,Understanding 5 Year Fixed Mortgage Rates,5299,home/mortgage/rates
419.6,3583,Vacation Financing: Paying for a Vacation with a Personal Loan?,3121,personal/travel
419.2,403,Boat Financing: Learn How To Finance A Boat,1389,boat
416.1,2233,How to Refinance a Car Loan in 7 Steps,7509,auto/refinance/car-loans
407.1,23229,Understanding Lender Fees and Other Closing Costs,146,home/mortgage
404.5,5503,How Lease-to-Own Homes Work: A Guide,146,home/mortgage
402.4,8459,Getting an ARM Mortgage: Pros and Cons,7455,home/mortgage/types
400.1,405,Houseboat Financing: Learn How To Get A Houseboat Loan,1389,boat
396.8,12510,VA Home Improvement Loan: 9 Things To Know,154,home/va
395.5,5502,Buying a Home with a Shared-Equity Mortgage,146,home/mortgage
393.9,18824,Uber Car Financing Is Nearing an End: What You Can Do Instead,99,auto
386.3,5805,Hard Credit Inquiry Versus Soft Credit Inquiry,2206,credit-score
383.6,3366,Refinance Before a Divorce? See the Pros and Cons,150,home/refinance
381.4,29538,Are Balance Transfers the Best Way to Pay Off Debt?,7443,debt-consolidation/credit-card
380.9,29123,Places With the Most Student Debt,168,student
380.6,2270,VA Loan Refinance: When Is the Funding Fee Refundable?,7469,home/refinance/va
376.1,26490,How Does A Home Equity Loan Work?,142,home/home-equity
364.6,22542,Best Places for a Fresh Start,25,home
360.5,12645,When to Buy a House: Find Out if You’re Ready,146,home/mortgage
352.4,14713,What Is a USDA Direct Loan?,14502,home/usda
346.5,7070,The Complete Guide to Hard Money Loans,146,home/mortgage
346.4,2357,FHA Interest Rates: How Much Can You Save with a 15 Year Loan?,27,home/fha
345.2,3318,Is Home Equity Interest Tax Deductible?,142,home/home-equity
339.1,2293,What is an Excellent Credit Score & Why Everyone Wants One,2206,credit-score
338.2,2279,VA Loans: Can They Be Used for Buying a Second Home?,154,home/va
335.4,12902,Get a VA Home Loan with Bad Credit,7501,home/va/requirements
333.9,3003,No Money Down Car Loans,99,auto
332.1,3467,Calculating your debt-to-income ratio,146,home/mortgage
331,20722,Understanding Mortgage Amortization,146,home/mortgage
327.7,414,How to Finance a Motorcycle,113,auto/motorcycle
326.2,2344,The Different Types of FHA Loans,27,home/fha
319,16093,How to Handle a Reverse Mortgage After Death,234,home/reverse
317.4,2310,Is a Reverse Mortgage Foreclosure Possible?,234,home/reverse
313.6,470,Fast Cash Loans: Advantages of Personal Loans,7592,personal/emergency
312.9,5760,Signature Loans with No Credit Check: Don't Get Ripped Off,3119,personal/signature
312.4,12919,What is a Home Equity Line of Credit?,7471,home/home-equity/heloc
308.9,29581,"LendingTree Reveals the Cities with the Highest Share of Vacation, Investment and Second Homes",146,home/mortgage
306,5788,Down Payment on a Used Car: How Much To Put Down,99,auto
300.8,3088,How Does Debt Consolidation Affect Your Credit?,138,debt-consolidation
299.9,3018,How to Get a Car Loan with No Credit,99,auto
298.1,3026,How Much Money Should You Put Down on a Car?,99,auto
289.8,3365,Why You Don't Actually Skip a Mortgage Payment When Refinancing,150,home/refinance
288.9,22714,Best Debt Consolidation Loans,138,debt-consolidation
286.1,13599,The Different Types of VA Loans,154,home/va
285.2,3393,Mortgage Application Checklist - All the Documents You'll Need,146,home/mortgage
279.9,26705,Survey: Most Small Business Owners Are Using Tax Reform Savings to Pay Off Debt,8474,business/small
279.7,3269,How to Qualify for Low Interest Personal Loans,164,personal
277.4,5824,The 10-Year Fixed Rate Mortgage,5299,home/mortgage/rates
276.4,7639,How to Get a Personal Loan:  4 Things to Know,164,personal
275.8,3416,Salary Requirements to Buy a House Vary Greatly Depending on Where You Look,146,home/mortgage
274.9,5499,Help for Single Women Home Buyers,146,home/mortgage
270.6,2235,Auto Loan refinance: Frequently Asked Questions,109,auto/refinance
270.3,7806,What You Need to Know about Commercial Mortgage Refinance,150,home/refinance
268.2,3430,Guide to Understanding Private Mortgage Insurance (That’s PMI),7449,home/mortgage/down-payment
267.4,3470,5 Ways to Accelerate Your Mortgage Payoff,146,home/mortgage
264.4,2322,Reverse Mortgage FAQ: What Consumers Need to Know,234,home/reverse
261.7,22273,LendingTree Ranks Best Cities for First-Time Homebuyers,146,home/mortgage
261.4,445,Motorcycle Financing Explained,113,auto/motorcycle
260.5,12763,Getting a Loan: Where to get a Personal Loan,164,personal
260.4,16049,Can You Take Out A Student Loan For Living Expenses?,168,student
260.3,8490,How to Refinance Your Investment Property,150,home/refinance
256.5,25532,An Overview of Major Debt Relief Companies in the U.S.,19622,debt-relief
253,29891,LendingTree Reveals How Your Neighbors Are Making the Most of Increasing Home Prices,142,home/home-equity
252.9,19875,What is a Good Debt-to-Income (DTI) Ratio?,138,debt-consolidation
251.5,2324,Understanding Jumbo Reverse Mortgages,234,home/reverse
251.2,2267,Joint VA Loans: What They Are and What You Need to Know,154,home/va
251.2,3098,The Pros and Cons of Debt Consolidation Options,138,debt-consolidation
250.3,3523,Ups and Downs of Down Payments,7449,home/mortgage/down-payment
250.2,7945,How to Find the Best Refinance Companies for Mortgages in 2018,150,home/refinance
249.1,2342,Buy a House at Half Price Through HUD’s Good Neighbor Next Door Program,27,home/fha
248.9,5554,Why It Can Be Difficult to Get Small Mortgage Loans,146,home/mortgage
244.3,26513,Places That Buy the Oldest Used Cars,99,auto
243.5,3294,Second Mortgage: What You Need to Know,142,home/home-equity
239.5,3962,The Pros and Cons of Small Business Administration (SBA) Business Loans,8015,business/sba
235.6,26132,Metros With the Most Fraud Alerts,176,finance
235.5,12812,How to Find Grants to Pay Off Student Loans,168,student
233.3,3498,How Much to Put Down On a Home,146,home/mortgage
230,3357,Can I Refinance a Mortgage When my Home is for Sale?,150,home/refinance
229.7,3500,Interest-Only Mortgages: What You Need to Know,146,home/mortgage
223.6,18403,Understanding Stated-Income Loans,146,home/mortgage
223,13584,Can You Have More Than One FHA Loan at the Same Time?,27,home/fha
222.3,1059,Student Loan Options: Federal vs Private Loans,168,student
222.1,5762,Loans for Bad Credit,20369,credit-repair
220.8,3315,Using a Home Equity Loan to Pay Off Credit Cards Quickly,7471,home/home-equity/heloc
220,19303,LendingTree’s State Migration Study Finds Homebuyers Heading South,146,home/mortgage
216.9,3316,Top 10 HELOC FAQs,7471,home/home-equity/heloc
215.8,2364,FHA Cash-out Refinance Loans,27,home/fha
215,23661,LendingTree Ranks Most Popular Cities for Millennial Homebuyers,25,home
214.3,12660,18 Frequently Asked Mortgage Questions,146,home/mortgage
211.7,3298,Reverse Mortgage vs HELOC: Which Is Better for Me?,7471,home/home-equity/heloc
211.7,7827,How to Apply for a Personal Loan,164,personal
211,3356,How Often Can You Refinance Your Home?,150,home/refinance
210.5,7846,Selling a House with a Reverse Mortgage,234,home/reverse
210.4,3455,How to Get Preapproved for a Home Loan,146,home/mortgage
210.3,29073,Mortgage Borrowers Could Save the Most Ever by Shopping Around,5299,home/mortgage/rates
209.7,3506,How much can you afford to borrow?,146,home/mortgage
208.3,6063,How Chip Cards Work,133,credit-cards/tips
207.7,3559,Understanding Small Business Loan Requirements,8474,business/small
207.2,3075,Debt Consolidation vs Bankruptcy: Which is Better?,138,debt-consolidation
207.2,3063,Finding the Best Debt Consolidation Companies,138,debt-consolidation
206.1,3087,How to Avoid Debt Consolidation Scams,138,debt-consolidation
206,21526,LendingTree Ranks Most Competitive Housing Markets,146,home/mortgage
206,30265,LendingTree Study: Shopping Around for Personal Loans Can Save Consumers 35%,164,personal
204.4,12617,Home Renovation Loan Options,146,home/mortgage
204.3,3531,Why Loan-To-Value Ratio Matters,146,home/mortgage
202.8,24910,Tax Benefits of Buying a Home,146,home/mortgage
201.6,2990,Getting Pre-Approved for a Mortgage,146,home/mortgage
201.3,7727,Refinancing a Second Mortgage,150,home/refinance
200.7,26889,LendingTree Reveals Cities Where Borrowers Save the Most by Shopping Around for Mortgage Loans,146,home/mortgage
200.4,22901,How Much Does a Tesla Cost & How to Pay For It,99,auto
198.7,3495,Five Smart Tips for Home Buyers,146,home/mortgage
198.6,7899,Can You Refinance a Reverse Mortgage and Is It a Smart Move?,234,home/reverse
197.8,13585,Easy Ways to Benefit from Refinancing Your Home Loan,150,home/refinance
194.9,3273,Do You Need a Personal Line of Credit?,7473,personal/personal-line-credit
194.8,2994,How to Get Approved for a Home Loan,2990,home/mortgage/pre-approval
194.3,28898,Top Places for Rising Credit Scores,20369,credit-repair
193.4,3345,Should I Refinance My Home?,150,home/refinance
193.3,2311,How to Get a Reverse Mortgage on a Manufactured Home?,234,home/reverse
192.5,19886,Understanding Debt Restructuring,138,debt-consolidation
191.3,5328,Financing a Car: A Guide to Getting Your Wheels,99,auto
190.5,14703,How to Find USDA Homes,14502,home/usda
190.3,7099,Understanding Mortgage Closing Costs,7457,home/mortgage/closing-costs
189.7,21056,Fair Debt Collection Practices Act (FDCPA): Know Your Rights,138,debt-consolidation
188.5,18083,8 Fast Ways to Pay off Credit Card Debt,7443,debt-consolidation/credit-card
188.3,3248,Using a Personal Loan to Pay Off Credit Cards,164,personal
187.1,26410,Buying a Beach House: Things to Consider,146,home/mortgage
186.3,3293,Getting a Loan? Ways to Get a Personal Loan,164,personal
184.9,5791,Unsecured Loan Basics,3123,personal/unsecured
184,3065,7 Ways to Make Extra Money and Pay Down Debt,138,debt-consolidation
183.6,25018,0% APR Car Deals: Is There a Catch?,99,auto
182.9,22732,LendingTree Ranks the Best and Worst Cities for New Small Businesses,8474,business/small
182.4,3486,3 things to know before you apply for a loan,146,home/mortgage
181.4,13603,Are FHA Loans Only for First-Time Homebuyers? No!,27,home/fha
181.2,3576,Engagement Ring Financing,3125,personal/wedding
181.1,20201,Should You Go Beyond the 20 Percent Down Payment?,146,home/mortgage
178.4,2332,Understanding Reverse Mortgage Interest Rates,234,home/reverse
177.3,13588,Reverse Mortgage Rules: What You Need to Know,234,home/reverse
177.2,7684,Guaranteed Loans: Why Personal Loans Are Often a Better Choice,164,personal
176.7,2227,5 Good Reasons to Refinance Your Car,7509,auto/refinance/car-loans
176.5,3291,How Do Personal Loans Work?,164,personal
176.4,2309,How Does a Reverse Mortgage Work?,234,home/reverse
175.4,5727,What's The Difference Between Freelancer and Small Business Owner Roles?,129,business
175,3240,Secured Loans,164,personal
174.4,20748,Taking Advantage of the Home Mortgage Interest Tax Deduction,146,home/mortgage
174,2238,How to Improve Your Credit Score,20369,credit-repair
173.5,3044,Low Interest Auto Loans: Saving Money On Your Next Car,99,auto
173.4,2307,8 Situations When You Should Consider a Reverse Mortgage,234,home/reverse
173.2,3108,What is a Consolidation Loan?,138,debt-consolidation
173.2,2348,FHA Interest Rates: Why Consider an ARM Loan,27,home/fha
172,5986,Is a 5/5 ARM the Mortgage Loan for You?,5299,home/mortgage/rates
171.1,3451,Mortgage Closing: How it Works,7445,home/mortgage/closing-process
170.8,3522,Down Payment Assistance Programs,7449,home/mortgage/down-payment
170.7,5555,Federal Funds Rate: How the Fed Impacts Interest Rates,146,home/mortgage
170.5,3503,Which is better: PMI or piggyback loan?,7449,home/mortgage/down-payment
170.1,5787,How to read a mortgage statement,146,home/mortgage
169.3,22966,5 Smart Ways to Leverage Your Home Equity,142,home/home-equity
168.9,7971,5 Steps to an Easy Loan,7592,personal/emergency
168.4,5740,7 things to look for in your mortgage loan,146,home/mortgage
168.3,23624,Should I Build an Emergency Fund or Pay Off Debt?,138,debt-consolidation
167.3,25368,Cash-Out Refinance for Home Improvements,7459,home/refinance/cash-out
165.9,25777,LendingTree Ranks Cities With the Highest Share of Cash-Out Refinance Borrowers,7459,home/refinance/cash-out
165.6,3013,Subprime Auto Loans: Getting the Best Loan,99,auto
165.3,3546,The Truth-in-Lending Disclosure Statement is now the Loan Estimate (for Most People),146,home/mortgage
164.6,673,The Advantages and Disadvantages of Startup Loans,129,business
163.7,24871,Chapter 7 Bankruptcy: Understanding the Basics,23650,bankruptcy
163.7,3427,How Big of a Mortgage Can I Get?,146,home/mortgage
163.4,8909,10 Factors That Highly Influence Home Insurance Rates,4825,insurance/home
163.2,23633,A 20-Something’s Guide to Getting a Mortgage,146,home/mortgage
162,25931,Is It Bad to Refinance Your Home Multiple Times?,150,home/refinance
161.2,30180,How to Finance a Duplex,27,home/fha
161,3423,Your Mortgage: Do You Want a Long or Short-Term Relationship?,146,home/mortgage
159.6,29775,How Fed Rate Hikes Impact Borrowers,176,finance
159.1,25477,Understanding Credit Utilization Ratio,20369,credit-repair
158,6053,Here's How To Build Equity in Your Home,142,home/home-equity
158,3922,Start Up Business Loans: 8 Different Options,129,business
157.5,2313,Reverse Mortgage Proceeds: What'<U+0092>s Best?,234,home/reverse
157.4,12720,Can you get a Mobile Home Loan?,146,home/mortgage
157,21737,How To Budget Your Money,138,debt-consolidation
156.9,3073,Medical Debt Consolidation: 4 Ways to Consolidate Unpaid Medical Bills,138,debt-consolidation
155.4,2317,Reverse Mortgage Disadvantages: What You Need to Know,234,home/reverse
154.7,2312,The 3 Different Types of Reverse Mortgages,234,home/reverse
154.2,672,Using A Small Business Loan For Your Start-Up,8474,business/small
154.1,2304,Are Reverse Mortgage Proceeds Taxable?,234,home/reverse
154,3304,Using Home Equity loan to Invest,142,home/home-equity
153.1,1057,How to Compare Student Loan Lenders & Find the Best Option for You,168,student
152.1,2318,HECM or Jumbo Reverse Mortgage: Which is Better?,234,home/reverse
152,3008,Should I Buy a New or Used Car?,99,auto
151.9,3023,How to Get the Best Car Loan Deals,99,auto
151.8,3086,Consolidating Credit Card Debt in 5 Easy Steps,7443,debt-consolidation/credit-card
151.3,9951,How to Get a Home Loan in 5 Easy Steps,25,home
151.2,23726,15 Dos and Don’ts of Advertising With Social Media Influencers,129,business
151.1,3109,Cash-out Refinancing for Debt Consolidation,138,debt-consolidation
151,3015,How to Finance a Used Car,99,auto
151,6073,Does a Free Credit Report Hurt Your Credit?,2206,credit-score
150.7,11147,What Is A Credit Builder Loan?,164,personal
149.5,23305,Debt Validation Letters for Debt Collectors,138,debt-consolidation
149.4,3494,Getting a mortgage if you're self-employed,146,home/mortgage
149.2,3533,Mortgages: It's NOT all about the monthly payment,146,home/mortgage
149,3361,Refinance Condo: What You Need to Know,150,home/refinance
148.9,3080,Tips to Control Your Bad Spending Habits,138,debt-consolidation
148.8,13592,Understanding VA Home Appraisals,154,home/va
148.5,3253,7 Signs of a Personal Loan Scam,164,personal
148.5,12771,The Truth About The Obama Student Loan Forgiveness Program,168,student
147.2,6027,Business Credit Report: All You Need to Know to Improve it,2206,credit-score
145.9,2992,Pre-Qualified Mortgage vs. Pre-Approved Mortgage: What's The Key?,2990,home/mortgage/pre-approval
145.6,3474,7 Things to Know When Buying a House,146,home/mortgage
145.3,1058,How to Find the Best Private Student Loans,168,student
143.9,7925,12 Key Reverse Mortgage Questions – Answered,234,home/reverse
143.5,21853,Best Tips for Refinancing Your Mortgage in 2018,150,home/refinance
143.4,22528,7 Home Equity Rules to Live By,142,home/home-equity
143.2,30717,"$26,595 in Savings Possible for Homebuyers Shopping Around for a Mortgage",5299,home/mortgage/rates
143.2,9022,How to Apply for a Loan in 4 Easy Steps,164,personal
142.5,13596,Is a Reverse Mortgage Taxable?,234,home/reverse
142.3,7911,Are Bank Loans the Best Option for Personal Loans?,164,personal
142,3286,5 Things to Consider Before Getting a Personal Loan,164,personal
140.9,2340,FHA Loan Limits: Tips for Securing an FHA Loan in 2017,7503,home/fha/requirements
140.6,3057,Reverse Mortgage for Dummies,234,home/reverse
140.2,5992,How To Dispute Credit Report Errors,20369,credit-repair
139.6,1065,Fixed vs. Variable Rate Student Loans: Which are Better?,7488,student/interest-rates
139.3,3352,Top Reasons Your Mortgage Refinance Was Denied,150,home/refinance
138.6,389,How to Qualify for a Powersport Loan?,117,auto/powersport
138.4,2302,How Your Age Can Affect Your Reverse Mortgage,234,home/reverse
137.7,7933,Understanding Mortgage Refinance Closing Costs,150,home/refinance
136.5,3540,Understanding The HUD-1 Settlement Statement,146,home/mortgage
136.1,10636,Average Student Loan Debt Statistics for 2017,172,student/refinance
135.8,2345,FHA FAQ: Frequently Asked Questions About FHA Loans,27,home/fha
135.8,3548,Ask an expert: What if a buyer backs out of a contract before closing?,7445,home/mortgage/closing-process
135.6,3275,Personal Loans vs. Payday Loans: 5 Things to Know,164,personal
135.3,3419,Home Loans for Self-Employed Borrowers: Preparation is Key,146,home/mortgage
135.3,3431,Mortgage News -- How To Overcome Tight Credit,146,home/mortgage
135.2,3499,What is a hybrid mortgage? Is it right for you?,146,home/mortgage
135.1,670,Types of Small Business Loans,8474,business/small
134.7,3362,How to Refinance a Defaulted Mortgage,150,home/refinance
134.2,12821,A Doctor's Repayment Guide: Strategies for Repaying Medical School Debt,172,student/refinance
133.6,5746,Types of Credit Scores: Understanding the Differences,2206,credit-score
133.4,26329,8 Tips to Shorten Your House Hunt in 2018,146,home/mortgage
132.9,2259,Should I Make a Down Payment on My VA Loan?,154,home/va
132.6,2263,VA Loan Requirements for 2018,7501,home/va/requirements
132.2,26027,HELOC Balloon Payments: How to Find a Way Out,7471,home/home-equity/heloc
131.5,21546,Use This New Program to Crowdfund Your Home Down Payment,146,home/mortgage
131.5,2320,10 Reverse Mortgage Pitfalls to Consider & How to Avoid Them,234,home/reverse
131.3,3485,10 Questions To Ask Your Mortgage Lender,146,home/mortgage
130.9,13589,Reverse Mortgages and Estate Planning: What You Need to Know,7481,home/reverse/estate-planning
130.8,3464,How to Compare Home Loans,146,home/mortgage
130.4,3252,Personal Loan Problems: 5 Risks of Personal Loans,164,personal
130.3,691,My Business Isn't Growing: What Should I Do?,129,business
130.2,7859,How To Get Secured Business Loans,129,business
130.2,5776,Getting a Mortgage Pre-Approval Letter,2990,home/mortgage/pre-approval
130,30178,How a Car Lease Buyout Works,99,auto
129.6,386,Powersport Loans For Bad Credit,117,auto/powersport
129.6,2356,New First Time Home Buyer Programs,27,home/fha
129,13586,Interest-only Refinance,150,home/refinance
128.9,3049,Steps to Getting Car Loans with Bad Credit in 2017,7486,auto/bad-credit
128.7,5990,Does Credit Repair or Debt Management Hurt Credit Ratings?,20369,credit-repair
128.7,23703,Refinancing: Is a 15-Year Mortgage Right for You?,150,home/refinance
128.7,2316,Alternatives to a Reverse Mortgage,234,home/reverse
128.6,2291,What is a Good Credit Score?,20369,credit-repair
128.4,15210,The Advantage of a Secured Business Line of Credit,8022,business/line-of-credit
127.8,3586,How to Qualify for Peer-to-Peer Loans,3115,personal/peer-to-peer
127.5,2242,9 Credit Repair Tips to Get You Out of Debt,20369,credit-repair
127.4,3019,Auto Finance Companies: 3 Options for Finding Yours,99,auto
127.4,5758,Unsecured Personal Loans: When Do They Make Sense?,3123,personal/unsecured
127.3,2347,FHA Lenders: How to Choose the Right One,27,home/fha
126.8,2352,The FHA Streamline Refinance Program Explained,27,home/fha
126.4,3434,Understanding Closing Costs: Who Pays and How,7457,home/mortgage/closing-costs
126,3442,Getting a Home Loan with Bad Credit: Not Impossible,146,home/mortgage
126,2327,Reverse Mortgage Revolution: Why They're Better and Safer Today,234,home/reverse
125.7,23368,Tips on How to Trade In Your Car,99,auto
125.5,3541,Shopping Around for a Loan,146,home/mortgage
125.4,459,Use a Home Equity Loan for Debt Consolidation,142,home/home-equity
124.9,7914,Understanding USDA Home Loans,14502,home/usda
124.7,3398,How to Cancel Private Mortgage Insurance (PMI),7449,home/mortgage/down-payment
124.3,3917,Taking Advantage of Government Business Loans,8015,business/sba
124.3,22239,Mortgage Options for Foreign Nationals,146,home/mortgage
124.1,3380,How to Properly Compare Refinance Offers,150,home/refinance
123.8,3074,Debt Relief Options: Overcoming Insurmountable Debt,19622,debt-relief
123.8,940,How Does Auto Insurance Score Affect Your Rate?,160,insurance/auto
123.6,9821,HARP Program Reviews from the Experts,624,home/refinance/harp
123.6,25494,How to Refinance a Rental Property,150,home/refinance
123.6,21870,LendingTree Ranks Cities With the Highest Use of Reverse Mortgages,234,home/reverse
123.5,5825,The 30-Year Fixed Rate Mortgage Loan,5299,home/mortgage/rates
123.4,24911,Chapter 13 Bankruptcy: Understanding the Basics,23650,bankruptcy
123.1,449,RV Buying Tips: Get the RV of Your Dreams,121,auto/rv
123,2266,The Case for Making a VA Loan Down Payment,154,home/va
122.9,3287,"Personal Loans, Title Loans and Payday Loans: There's a BIG Difference!",164,personal
122.6,8462,How to Get a Personal Loan,164,personal
122.2,26907,Should I use home equity to pay off debts?,7403,debt-consolidation/home-equity
122.1,2286,What is the Average Credit Score?,2206,credit-score
122,3438,What Is Escrow? Closing Your Purchase or Refinance,7445,home/mortgage/closing-process
121.9,2214,Can I Refinance My Mortgage and Auto Loan at the Same Time?,109,auto/refinance
121.5,14121,How To Refinance Student Loans in 7 Steps,172,student/refinance
121.3,5599,How Surprise Undisclosed Debt Can Sink Your Mortgage Application,146,home/mortgage
121.2,1070,Your Guide to Student Loans Without a Cosigner,168,student
120.8,5830,Is the APR Always Higher than the Interest Rate?,5299,home/mortgage/rates
120.8,3242,What to Know About Personal Loans,164,personal
120,3246,The Truth About Installment Loans,164,personal
119.9,663,How Much Should Your Business Be Spending on Marketing,129,business
119.7,683,6 Questions to Determine Which Business Loan is Right for You,129,business
119.3,3936,Business Loans for Bad Credit Applicants: Do They Exist?,129,business
119,2360,Private Mortgage Insurance (PMI) vs FHA Mortgage Insurance (MIP),27,home/fha
118.9,5556,ARM Caps Can Curtail High Payment Shocks,146,home/mortgage
118.9,26832,What Is Title Insurance and Why Do You Need It?,146,home/mortgage
118.9,16295,How Does Payday Loan Consolidation Work?,164,personal
118.8,3307,4 Things to Consider Before Using a HELOC for Debt Consolidation,7471,home/home-equity/heloc
118.3,3488,Checklist: Steps to Closing a Mortgage Home Loan,7445,home/mortgage/closing-process
118.3,3573,How to Pay for Your Honeymoon,3125,personal/wedding
118,3335,HARP: What is it and how does it work?,624,home/refinance/harp
117.9,21619,Which used car brands do borrowers stretch their finances most to buy?,99,auto
117.1,16956,LendKey Student Loan Refinancing Review,172,student/refinance
117,3067,How to Stop Debt Collectors from Calling,138,debt-consolidation
116.9,3537,Low down payment? A piggyback loan or PMI can help,7449,home/mortgage/down-payment
115.8,15054,Is A Reverse Mortgage Good or Bad?,234,home/reverse
115.5,2297,What you Need to Know About FICO & VantageScore,2206,credit-score
115.3,2282,Financing Multifamily Homes With a VA Loan,7501,home/va/requirements
115.1,2319,"Reverse Mortgages and Estate Planning: Avoiding ""Unaware Heirs""",7481,home/reverse/estate-planning
115,3265,Personal Loan Contract: What You Should Know,164,personal
114.3,674,What Is Receivables Financing?,8028,business/accounts-receivable
113.9,3355,How Long Does it Take to Refinance a House?,150,home/refinance
113.8,3268,What You Need to Know Before Getting a Personal Loan,164,personal
113.6,6046,Should You Lock or Float Your Mortgage Rate?,5299,home/mortgage/rates
113.3,26221,8 Ways to Pay Off Your Mortgage Faster,146,home/mortgage
113.2,687,Do You Need to Hire a Business Manager for Your Small Business?,129,business
113.2,3459,How FHA Loans Work,27,home/fha
113,3412,Mortgage Closing Costs: Is Title Insurance a Rip Off?,7457,home/mortgage/closing-costs
112.2,3337,Can I Refinance My Mortgage? Here's What You Need to Know,150,home/refinance
112.1,2220,What Is Refinancing a Car?,7509,auto/refinance/car-loans
112,16836,Nailing Down Student Car Loans: A How-To Guide,99,auto
111.7,12621,Home Equity Conversion Mortgage (HECM): HUD Reverse Mortgage Programs,234,home/reverse
111.7,2314,How to Find the Best Reverse Mortgage Companies,234,home/reverse
111.4,3580,Ways to Save Money on Your Wedding,3125,personal/wedding
111.3,16237,Merchant Cash Advance — The Payday Loan for Businesses,129,business
110.8,10654,Hard Money Business Loans: How to Get Approved,129,business
110.6,12694,Is a Debt Management Program Right For Me?,138,debt-consolidation
110.5,14294,Marrying Someone with Student Loan Debt: What You Both Should Know,172,student/refinance
110,2231,Do I Need a Vehicle Appraisal to Refinance My Car?,7509,auto/refinance/car-loans
109.9,7734,Options for Refinancing Your Home in 2018,150,home/refinance
109.6,3285,Personal Loans: Cheaper Credit Card Alternatives,164,personal
109.3,5597,Home Loan Q & A: Getting a Mortgage with a New Job,146,home/mortgage
109.3,3414,Borrowing from Your 401k for a Down Payment on Your House,7449,home/mortgage/down-payment
109.2,7990,How to Lower your Monthly Car Payments,99,auto
108.7,3096,The 5 Best Ways to Consolidate Debt in 2018,138,debt-consolidation
108.7,5533,National Average Monthly Mortgage Payment,146,home/mortgage
108.5,2212,How to Get Out of Your Car Loan?,7509,auto/refinance/car-loans
108.5,2277,Current VA Loan Rates: Find Your Best Deal on a VA Mortgage,7435,home/va/rates
108.1,26466,Mortgage Rate Competition Index for Purchases Jumps to Widest on Record,5299,home/mortgage/rates
107.7,3489,The Home Closing Process,7445,home/mortgage/closing-process
106.4,3095,How to Pay Off Credit Card Debt: 4 Options,7443,debt-consolidation/credit-card
106.1,6109,4 Alternatives to a Traditional Personal Loan,164,personal
106,26186,Ally Bank Auto Loan: In-Depth Review,99,auto
105.3,2211,3 Reasons to Refinance to a Shorter Term Auto Loan,109,auto/refinance
104.3,8983,What Is a Stafford Loan & How Do You Get One?,168,student
104.1,25921,VA Refinance: Lower Mortgage Rates and More,154,home/va
103.9,1056,How Do Student Loans Affect Your Credit Score?,168,student
103.8,26715,Capital One Auto Loan: In-Depth Review,99,auto
103.8,3348,Interest-only Mortgage: Should You Refinance,150,home/refinance
103.7,2296,Credit Score for FHA Loan: What's the Minimum?,2206,credit-score
103.2,26065,How to Get Out of Debt With a Low Income,138,debt-consolidation
103.1,2996,5 Ways to Get a Smaller Car Loan,99,auto
103,3536,Ask an expert: Should you pay discount points on an ARM?,146,home/mortgage
102.9,3953,How to Find Small Business Investors,129,business
102.9,2329,CAIVRS for Reverse Mortgages,234,home/reverse
102.6,7061,Tips for First Time Home Buyers,146,home/mortgage
102.6,6009,"Peer to peer Loans: Lenders May not Be Your ""Peers""",3115,personal/peer-to-peer
102.5,2271,VA Loan Rates: Does Your Credit Score Matter?,154,home/va
102.5,3047,Types of Vehicle Leases,99,auto
101.9,3487,12 questions to help you pick a loan officer,146,home/mortgage
101.6,3497,Can You Afford to Buy a Home?,146,home/mortgage
101.2,16685,Student Loan Bankruptcy...Is It Possible?,168,student
101.1,3543,How Much is a Down Payment on a House?,7449,home/mortgage/down-payment
101.1,3364,How To Refinance an Underwater Mortgage,624,home/refinance/harp
100.9,9529,How to Qualify for the Obama Refinance Program,624,home/refinance/harp
100.9,991,The Best Time to Refinance Your Student Loans,172,student/refinance
100.9,2285,Q&A: Does a Free Credit Report Affect My Credit Score?,2206,credit-score
100.7,7613,All About Minority Business Loans,129,business
100.5,7679,What Is a Home Equity Loan and Should You Get One?,142,home/home-equity
100.4,2292,What is a Fair Credit Score?,2206,credit-score
100.1,10017,Is a Reverse Mortgage a Bad Idea?,234,home/reverse
99.8,3271,How to Find the Best Personal Loan Companies,164,personal
99.1,5799,What to Know Before Filing Bankruptcy,20369,credit-repair
98.9,3905,How to Get a Business Loan: Step-by-Step,7494,business/requirements
98.7,3513,Bridge Financing Basics,146,home/mortgage
98.6,2210,How to Get the Lowest Auto Refinance Rates,109,auto/refinance
98.6,995,Parent PLUS Loans: Alternatives to Consider,172,student/refinance
98.4,5802,How Bad Credit Affects You,20369,credit-repair
97.7,3034,Leasing Versus Buying a Car,99,auto
97.6,22935,Mortgage Savings Tracker and Mortgage Rate Competition Index,5299,home/mortgage/rates
97.5,3012,When is the Best Time to Buy a Car?,99,auto
97.5,5583,Construction Loans,146,home/mortgage
97.5,3479,Home Appraisals: What You Should Know,146,home/mortgage
97.1,11030,Debt Relief Programs: Conquering Your Debt Problems,19622,debt-relief
97.1,5808,VantageScore FAQs,2206,credit-score
96.3,988,Should You Refinance Your Student Loans Into Your Mortgage?,172,student/refinance
95.8,2308,"Reverse Mortgage Fees, Closing Costs, and Ongoing Expenses",234,home/reverse
95.7,23576,"The Fastest Way to Pay off $5,000 or Less in Credit Card Debt",7443,debt-consolidation/credit-card
95.5,3283,Pawn Shop Loans and Personal Loans: Understand the Difference,164,personal
95.4,26420,How to Negotiate a Home Purchase in 2018,146,home/mortgage
95,26922,How Does Small Business Invoice Factoring Work?,129,business
95,3069,7 Reasons To Use A Personal Loan to Pay Off Debt,7396,debt-consolidation/personal
94.9,2237,How to Recognize a Credit Repair Scam,20369,credit-repair
94,2258,How Many Times Can You Use VA Home Loan Benefits?,154,home/va
93.9,2299,5 Reverse Mortgage Myths You Should Be Aware Of,234,home/reverse
93.6,16857,SBA Express Loan: What Is It and How Does It Work?,8015,business/sba
93.6,3035,How to Negotiate Car Price,99,auto
93.4,2280,Assuming a Mortgage with a VA Loan When You Buy or Sell,154,home/va
92.9,13532,What is Home Equity and How Do You Use It?,142,home/home-equity
92.4,1066,Bad Credit Student Loans: What You Need to Know,168,student
91.6,15035,How to Avoid Reverse Mortgage Scams,234,home/reverse
91.5,26322,"Refinance Competition Was Worth $31,000 To Borrowers Last Week As Applications Fall And Lenders Compete",5299,home/mortgage/rates
91.2,7928,Types of Home Buying Programs,7455,home/mortgage/types
91.1,29355,How a Missed or Late Payment Affects Your Credit Score,20369,credit-repair
91,2315,Are Reverse Mortgage Loans Worth the Risk?,234,home/reverse
91,3260,Is Borrowing a Personal Loan a Bad Idea?,164,personal
90.1,684,Understanding the Basics of Small Business Financing,7491,business/financing
90.1,3469,Self-Employed Mortgages Become More Common,146,home/mortgage
89.6,3079,Credit Counseling Vs. Debt Consolidation: Which is Best for You?,138,debt-consolidation
89.4,2288,What Does My Credit Score Mean?,2206,credit-score
89.3,5810,How to interview a buyer's agent,146,home/mortgage
89.2,16008,Promoting Business Growth with an SBA 504 Loan,8015,business/sba
89,2213,Why You Should Refinance Your Auto Loan,109,auto/refinance
88.8,3387,5 Things to Never Hide from Your Mortgage Broker,146,home/mortgage
88.8,17748,SoFi Student Loan Refinancing Review,172,student/refinance
88.7,26603,Refinancing a Condo: What You Need to Know,150,home/refinance
87.7,5818,HARP 2.0 Refinance Program,624,home/refinance/harp
87.5,2323,HECM Saver Program Replaced by New Rules,234,home/reverse
87,3279,What's the Difference Between Person to Person Loans and Personal Loans?,164,personal
87,3483,What interest rate will you pay on your loan?,146,home/mortgage
87,939,When to Drop Collision and Comprehensive Auto Insurance,160,insurance/auto
86.8,3547,Good Faith Estimate (GFE) and Loan Estimate: Understanding the Costs of Your Mortgage,146,home/mortgage
86.6,654,HARP Loan Rates and Fees,624,home/refinance/harp
86.3,25896,Chase Auto Loan: In-Depth Review,99,auto
86.2,3050,Long Term Auto Loans: Avoid Drowning in Debt,99,auto
86,655,HARP Refinance: What to do if your Getting Divorced,624,home/refinance/harp
85.7,12638,HARP Insurance FAQs,624,home/refinance/harp
85.4,3306,The Ultimate Guide To Home Improvements,7430,home/home-equity/home-improvement
85,5549,Understanding Your Escrow Account,146,home/mortgage
84.7,30515,The Ultimate Guide to Writing a Small Business Plan,129,business
84.6,3502,Piggyback Mortgages Let You Tap Your Home Equity When Buying,146,home/mortgage
84.1,5743,What to Consider Before you Cosign a Mortgage Loan with a Significant Other,146,home/mortgage
83.8,2260,Understanding the VA Loan Bonus Entitlement,154,home/va
83.8,2272,What's the Point of Paying Points?,154,home/va
83.8,25881,Paying for College With a Home Equity Loan,142,home/home-equity
83.7,2998,7 Car Buying Mistakes to Avoid,99,auto
83.5,3542,Staging a Home on a Budget,146,home/mortgage
83.5,3397,5 Situations Where You'll Need to Submit Extra Paperwork with Your Mortgage Application,146,home/mortgage
83,7546,What is a Credit Report?,2206,credit-score
82.9,26928,Shopping Around Could Allow Mortgage Borrowers to Save Almost 10% of the Loan Amount in Interest,5299,home/mortgage/rates
82.6,3305,Using a Home Equity Loan to Finance Your Startup,142,home/home-equity
82.1,22751,What Happens To Debt When You Die?,138,debt-consolidation
82,3435,Buying a New Home vs. a Pre-Owned Home,146,home/mortgage
81.5,3445,Mortgage Qualification: Unraveling the Mystery,146,home/mortgage
81.2,3947,Small Business Loans for Women in 2017,8474,business/small
81,25869,Start-Up Costs: How Much Does it Cost to Start a Small Business?,8474,business/small
80.9,2221,4 Mistakes People Make When Refinancing a Car,7509,auto/refinance/car-loans
80.8,3449,Buying a House: A Practical Approach,146,home/mortgage
80.6,8906,Should You Bundle Your Home and Auto Insurance?,4825,insurance/home
80.3,30370,Endurance Auto Warranty Review,99,auto
80.3,5801,Trigger Leads Opt Out: Credit Bureaus Sell Personal Data,2206,credit-score
80.3,9944,How the Mortgage Formula Determines Your Monthly Payments,146,home/mortgage
80.2,2257,"How to Make Sure a Home Meets the VA Loan ""Move-in Ready"" Requirement",7501,home/va/requirements
79.9,17727,CommonBond Student Loan Refinancing Review,172,student/refinance
79.5,7712,Understanding Debt Forgiveness,138,debt-consolidation
79.4,2300,Reverse Mortgage or Downsize My Home?,234,home/reverse
79.4,22449,Is Debt Consolidation a Good or Bad Idea?,138,debt-consolidation
79.1,29867,The Best Boat Financing Companies in 2018,1389,boat
79,1068,College Expenses: How Much Money Do You Really Need?,168,student
78.8,2366,5 Ways to Come Up With Your FHA Loan Down Payment,27,home/fha
78.8,5828,What the Past Can (and Can't) Tell Us about Future Mortgage Interest Rates,5299,home/mortgage/rates
78.7,22562,Entrepreneur's Salary: How Much To Pay Yourself,129,business
78.5,3524,How to Evaluate Home Offers to Purchase,146,home/mortgage
77.4,3939,A Basic Guide to Microloans,8015,business/sba
77.4,12613,Uniform Residential Loan Application 101,146,home/mortgage
77.1,29287,The Complete Guide to Buying a Franchise,129,business
76.9,5501,Ask an expert: Seller Breaking a Real Estate Contract,146,home/mortgage
76.3,6044,How to Remove Collections from your Credit Report,20369,credit-repair
76.1,3094,Federal or private student loans? Which should you choose?,168,student
75.7,3480,Benefits of Government Home Loans,146,home/mortgage
75.5,7609,Small Business License Checklist,7494,business/requirements
75.5,24929,S Corp vs. C Corp: Understanding the Difference,7494,business/requirements
75.4,3475,How to Find a Low Down Payment Mortgage,7449,home/mortgage/down-payment
74.5,3942,The Pros and Cons of a Business Acquisition Loan,129,business
74.4,3539,Qualifying for a Home Loan,146,home/mortgage
74.3,3482,Making Home Affordable Program,7426,home/refinance/hamp
74.2,13590,Get the Best Rate on Your Jumbo Mortgage Refinance,150,home/refinance
73.8,3401,5 Things You Should Know About Closing Costs,7457,home/mortgage/closing-costs
73.8,6064,What Happens If You Default On Student Loans?,172,student/refinance
73.7,3508,Are You Ready for Home Ownership?,146,home/mortgage
73.7,28879,Mortgage Borrowers Could Save Almost 10% of the Loan Amount in Interest by Shopping Around,5299,home/mortgage/rates
73.3,5800,Co-signing a Loan: Understand the Obligation,2206,credit-score
73.2,29320,What Debts Should I Pay Off First?,138,debt-consolidation
73,11204,"VA Funding Fee: What, Why and How Much",154,home/va
72.2,3082,How Does Debt Consolidation Work?,138,debt-consolidation
72.1,2283,Guidelines for VA Approved Condos,7501,home/va/requirements
72.1,941,DUI & Auto Insurance Rates: How Long Will It Affect Me?,160,insurance/auto
71.9,15136,Could Your Business Benefit from an Unsecured Business Line of Credit?,8022,business/line-of-credit
71.5,6034,5 Surprising Things That Do Not Affect Your Credit Score,2206,credit-score
71,6040,Understanding Your Business Credit Report,129,business
70.6,13602,Wondering When to Refinance Your House? Learn These Refinancing Rules,150,home/refinance
70.5,3418,"VA, FHA or Conventional Home Loans: Which is Right for You?",146,home/mortgage
70.1,3281,Personal Line of Credit vs. Credit Card: Which Makes More Sense?,7473,personal/personal-line-credit
69.9,3525,Fannie Mae and Freddie Mac Home Loans,146,home/mortgage
69.8,3309,How to Get the Best Home Equity Loan Rates in 2017,142,home/home-equity
69.5,3001,5 Factors to Look for in an Auto Loan,99,auto
69.4,3258,"5 Bad Reasons to Get a Personal Loan, and What to Do Instead",164,personal
69.3,3007,The Complete Guide to Getting a Car Loan,99,auto
68.7,6098,Getting an FHA Streamline Refinance on Investment Property,27,home/fha
68.7,3413,Does It Make Sense to Pay Off My Mortgage Early?,146,home/mortgage
68.5,2330,How Reverse Mortgages Affect Government Benefits,234,home/reverse
68.1,30290,Options for Jet Ski Financing for Summer 2018,117,auto/powersport
67.8,15571,Getting Cash Flow Financing with a Cash Flow Loan,129,business
67.7,10172,Your Guide To Mobile & Manufactured Home Insurance,4825,insurance/home
67.6,3515,Selling and Buying a Home at the Same Time,146,home/mortgage
67.4,6015,Q&A: 3 Most Common Credit Questions,2206,credit-score
67.2,985,How to Consolidate Student Loans in 5 Steps,17391,student/refinance/consolidation
66.4,2281,Locking in your VA Mortgage Rate,154,home/va
66.3,5770,Why The Age of Your Credit History is Important,2206,credit-score
66.1,3042,Comparing Auto Loans: Learn the Basics,99,auto
66.1,394,Top Powersports for Adventure Seekers,117,auto/powersport
66.1,3078,8 Debt Consolidation Facts You Need to Know,138,debt-consolidation
66,29968,Should You Buy or Lease a Motorcycle?,113,auto/motorcycle
66,7968,Understanding Government Refinance Programs,150,home/refinance
65.9,7809,Short Term Loans: Understanding the Risks,164,personal
65.8,25810,How to Consolidate Your Business Debt,138,debt-consolidation
65.6,25757,Best Budgeting Apps of 2018,138,debt-consolidation
64.9,7791,4 Tips for Managing Your Small Business Finances,129,business
64.9,3426,Credit Score For A Home Loan: What You Need To Know,146,home/mortgage
64.3,3465,Q&A: Why Are Jumbo Loans So Cheap?,146,home/mortgage
64.1,15999,A Dentist's Guide: This Is How To Crush Your Dental School Debt,172,student/refinance
63.8,17251,Working Capital Financing: How to Find Working Capital,8024,business/working-capital
63.7,5722,10 Signs You Need a Personal Loan,164,personal
63.3,5768,How to Get a Excellent Credit Score,2206,credit-score
63.1,12631,VA Home Loan Process: How to Get a VA Home Loan,154,home/va
63.1,656,HARP 3.0 Refinance,624,home/refinance/harp
63,2369,Understanding FHA Mortgage Disclosures,7503,home/fha/requirements
62.8,7948,4 Easy Business Loans to Consider,129,business
62.8,26630,Mortgage Borrowers Could Save 10% of the Loan Amount in Interest by Shopping Around,5299,home/mortgage/rates
62.7,5804,Bankrupcy Laws You Should be Aware of Before Filing,23650,bankruptcy
62.3,2223,Auto Payday Loans Versus Auto Refinance Loans: Which Works for You?,109,auto/refinance
62.2,5741,Convert your garage into living space,146,home/mortgage
62.2,2363,First-Time Buyers Still Flocking to FHA Programs,27,home/fha
62,1072,Best Student Loans to Pay for College,168,student
61.6,3263,4 Personal Loan Mistakes to Avoid,164,personal
61.5,3930,Planning Your Small Business Funding for 2018,8474,business/small
61.2,17431,SBA Loan Requirements: How to Get an SBA Loan,8015,business/sba
61.1,3439,Second Home Mortgage: 4 Questions to Ask Before You Buy a Second Home,146,home/mortgage
61.1,676,What Can a Business Loan Be Used for and How Can It Help My Business Grow?,129,business
61,2343,Pros and Cons of a Small FHA Loan Down Payment,27,home/fha
61,5816,What Determines Your Mortgage Rate?,5299,home/mortgage/rates
61,8891,Mortgage Rates in 2017: What to Expect,5299,home/mortgage/rates
60.8,9948,How Much Money Do I Need to Buy a House?,146,home/mortgage
60.7,10330,Net Working Capital: Managing Your Business's Financial Health,8024,business/working-capital
60.7,3463,Time for ARMs?,146,home/mortgage
60.7,3514,Builder Buy-Downs Lower Monthly Mortgage Payments,146,home/mortgage
60.2,7719,What You Need to Know About Cancellation of Debt (COD) Income,138,debt-consolidation
60,20072,Buying a Foreclosed Home: A Step-by-Step Guide,146,home/mortgage
59.9,3491,Ask an Expert: Are Mortgage Rates Negotiable?,146,home/mortgage
59.7,2325,Too Much Debt to Retire Comfortably? You Have Options,234,home/reverse
58.5,3478,Conforming Loans,146,home/mortgage
58.5,468,Types of Auto Insurance Coverage,160,insurance/auto
58.4,3417,3 Reasons Why You Shouldn't Wait to Buy a Home,146,home/mortgage
58.3,3010,The 6 Best Used Cars to Buy,99,auto
58.3,10166,Vacant Home Insurance: What It Is and How to Get the Best Price,4825,insurance/home
58,984,How Aggressively Should I Be Paying Off My Student Loans?,172,student/refinance
57.6,443,Auto Refinance Options and Your Credit Score,109,auto/refinance
57.6,3505,Down payment: What is the purpose?,7449,home/mortgage/down-payment
57.5,29712,How the Small Business Loan Underwriting Process Works,8474,business/small
57,461,Is a Home Warranty Worth the Expense?,146,home/mortgage
56.8,3896,What Is a Business Line of Credit?,8022,business/line-of-credit
56.6,3059,Reverse Mortgage Counseling,234,home/reverse
56,8918,Cheap Home Insurance: Bargain or Blunder?,4825,insurance/home
55.5,5821,Factors that Affect Mortgage Rates: The Economy,5299,home/mortgage/rates
55,3441,How to Buy a House: All the Steps You Need to Know,146,home/mortgage
54.5,679,5 Questions to Ask Before Paying Off a Small Business Loan Early,8474,business/small
54,2278,VA Home Loan Lenders Offer Affordable Options,154,home/va
54,13284,The Ultimate Guide to Parent Student Loans,168,student
53.6,7672,The 5 Minute Mortgage: Mortgage Comparison with LoanExplorer,146,home/mortgage
53.6,25974,Overcoming Obstacles to Buying a Home,146,home/mortgage
53.5,5553,Denied Credit for Your Home Loan: What's Next?,146,home/mortgage
53.2,1074,Student Loans Around the World: Who Else Is Struggling?,168,student
53.2,13600,4 Types of People That Get a Reverse Mortgage,234,home/reverse
53,22852,Can You Refinance a Home With Low Equity?,150,home/refinance
52.3,3457,Buying a Second Home: 7 Questions to Ask First,146,home/mortgage
51.7,15918,Guide to Finding the Best Car Insurance for Teens,160,insurance/auto
51.7,3243,5 Smart Reasons to Get a Personal Loan,164,personal
51.7,16826,What Happens To Your Student Loans When You Die?,172,student/refinance
51.6,26288,Guide to Starting a Business Partnership,129,business
51.5,3046,How to Buy a Used Car in 10 Simple Steps,99,auto
51.4,3347,15 Year Refinance: Is a 15 Year Mortgage Right For You?,150,home/refinance
51.3,5826,The 5/1 Hybrid ARM,5299,home/mortgage/rates
50.6,675,What Is the Best Way to Finance an Online Business?,7491,business/financing
50.6,13220,Everything You Need to Know About Repaying Student Loans,172,student/refinance
50.1,1937,How Active Duty Military Members Get a Break on Credit Card Interest and Fees,133,credit-cards/tips
50,16701,LendingTree Survey Compares Millennial Men and Women,176,finance
49.8,2354,Requirements for FHA Approved Condos,7503,home/fha/requirements
49.8,3552,How to Get Your House Ready to Sell,146,home/mortgage
49.6,3272,How to Apply for a Bank Loan and Get Approved,164,personal
49.4,3083,Setting a Timeline to Pay Off Your Debt,138,debt-consolidation
48.8,3484,Home buyers nab low interest rates,146,home/mortgage
48.2,5807,Fair Credit Reporting Act: Understanding Your Rights,2206,credit-score
47.6,2301,3 Types of Reverse Mortgage Payouts: Which Is Best for You?,234,home/reverse
47.4,2367,The Huge Advantage of an FHA Assumable Mortgage,27,home/fha
47.2,13593,Mortgage Q & A: Can I Assume a VA Home Loan?,154,home/va
47.1,29248,Mortgage Borrowers Could Save 0.62 in Interest by Shopping Around,5299,home/mortgage/rates
47.1,3396,3 Things You Should Do Before Applying for Your First Home Loan,146,home/mortgage
46.8,3553,Lock in your mortgage interest rate and points,146,home/mortgage
46.4,694,The Pros and Cons of Using a Marketing Agency,129,business
46.4,2305,Smart and Safe Ways to Use a Reverse Mortgage,234,home/reverse
45.6,18257,New Fannie Mae Guidelines: 3 Reasons It Just Got Easier to Qualify for a Mortgage,146,home/mortgage
45.6,976,Cosigner Release: What to Consider If Refinancing Student Loans to Remove Cosigners,172,student/refinance
45.2,383,Powersport Financing Options for Your Next Purchase,117,auto/powersport
45,2261,The Complete Guide on How to Get a VA Loan,7501,home/va/requirements
44.9,660,How Should Business Owners Give Themselves a Raise?,129,business
44.7,14925,How to Find the Best Student Loan Consolidation Companies,17391,student/refinance/consolidation
44.6,3933,How to Find Small Business Grants,129,business
44.3,17226,<U+200B>College Ave Student Loan Refinancing Review,172,student/refinance
43.6,12990,Your Guide to High Risk Auto Insurance,160,insurance/auto
43.2,3405,How to Buy a Beach House,146,home/mortgage
42.7,3521,17 Common Mortgage Terms To Know,146,home/mortgage
42.7,20013,Good Debt Vs. Bad Debt: Understanding What You Owe,138,debt-consolidation
42.7,7959,How to Sell Your House,146,home/mortgage
42.7,7687,What is an ARM Loan?,146,home/mortgage
42.4,13598,5 Top Candidates for a Mortgage Refinance: Are You One of Them?,150,home/refinance
42.1,3492,How to Decode Mortgage Words and Terms,146,home/mortgage
42,18207,"From Shopping to Close, LendingTree Study Finds Mortgage Process is Getting Faster",146,home/mortgage
41.9,13612,Mortgage Help: What to do if You Need Mortgage Assistance,146,home/mortgage
41.8,3532,Making a down payment,7449,home/mortgage/down-payment
41.7,5295,Lending Discrimination: What it Is and Isn't,146,home/mortgage
40.4,30278,Best Online Car-Buying Sites and Apps,99,auto
39.7,30031,Which Business Entity is Right for Your Company?,129,business
39.6,6043,How to Apply for a Small Business Loan: Your 9-Step Guide,7494,business/requirements
38.8,7917,HARP Housing: Loan Requirements and Alternatives,624,home/refinance/harp
38.4,5803,How interest rates affect credit,2206,credit-score
38.3,13489,The Complete Guide to Paying Back Student Loans,172,student/refinance
37.8,5811,What Does a Real Estate Lawyer Do?,146,home/mortgage
37.5,3424,What Sort of Low Income Home Loans Are Available?,146,home/mortgage
37.1,3534,Budgeting for closing: Costs and fees to get a mortgage,7457,home/mortgage/closing-costs
37,3501,Do I need a mortgage co-signer if I am self-employed?,146,home/mortgage
37,6079,How Will the Interest Rate Hike Affect Mortgages?,5299,home/mortgage/rates
36.8,2358,FHA Loan Interest Rates: How to Get Your Best Deal,27,home/fha
36.8,3561,Government Student Loans: Unsubsidized vs. Subsidized Student Loans,168,student
36.2,453,How to Find the Perfect Location for Your Small Business,129,business
36.1,28667,Wells Fargo Auto Loan: In-Depth Review,99,auto
36,22619,What Is a Debt Snowball?,138,debt-consolidation
35.8,8915,How to Compare Home Insurance Quotes,4825,insurance/home
35.6,13391,Four Steps to Building a Strong Business Credit Profile,129,business
35.5,2236,Learn How to Pay off Debt Fast,20369,credit-repair
35.5,7080,The Best Time for Selling Your House,146,home/mortgage
35.5,15686,Reverse Mortgage Line of Credit,234,home/reverse
35,6011,Is an ARM Mortgage Right for You?,146,home/mortgage
34.6,22648,8 Questions to Answer When Checking on the Financial Health of Your Business,129,business
34.2,21223,You’ll Need to Set Aside More Than a Down Payment When Getting a Mortgage: Here’s Why,146,home/mortgage
34.2,2321,AARP Reverse Mortgage: There Is No Such Thing!,234,home/reverse
33.9,3481,ARM Payment Calculator,146,home/mortgage
33.5,30092,"$26,881 in Savings Possible for Homebuyers Shopping Around for a Mortgage",5299,home/mortgage/rates
33.4,3509,Avoiding Loan Delays: How to Keep Your Loan From Being Derailed,146,home/mortgage
33.1,3076,Debt Management: 3 Things You Must Do After Consolidating Your Debt,138,debt-consolidation
33,5737,How To Buy A Car in 7 Steps,99,auto
32.8,5790,Car Value: Learn How to Determine a Cars Value,99,auto
32.8,680,How to Turn Your Small Business Into a Big Business: 6 Ways,129,business
32.3,5723,Inflation Threat to Mortgage Rates Continues to Grow,146,home/mortgage
31.9,3493,20 Questions to Ask Before You Pick a Home Loan,146,home/mortgage
31.7,6010,Bad Credit Score: 3 Things That Can Mess Up a Good Credit Score,2206,credit-score
31.1,21613,5 Ways to Eliminate Holiday Debt in 2018,138,debt-consolidation
30.8,17756,Student Loan Refinance Review: Education Loan Finance,172,student/refinance
30.3,18278,How Credit Card Debt Consolidation Works,7443,debt-consolidation/credit-card
30.2,2262,VA Loan Fees: What the Borrower is Not Responsible for Paying,154,home/va
29.9,664,How to Know When to Hire More People for Your Growing Business,129,business
29.4,686,4 Signs You're Ready to Quit Your Full-time Job to Pursue Your Small Business,129,business
29.3,9955,"Comparing Auto Loan Payments for 48, 60 and 72 Month Auto Loans",99,auto
29.2,2328,Beware: Younger Spouses and Reverse Mortgages,234,home/reverse
29.1,3394,The True Costs of Buying a Home,146,home/mortgage
29,1067,6 FAQs for Student Loan Income-Driven Repayment Plans,168,student
28.6,14709,USDA Income Limits,14515,home/usda/eligibility
28.6,13076,What is Renters Insurance?,4825,insurance/home
28.6,1064,Understanding Student Loan Limits,168,student
28.4,5789,How to Avoid Car Leasing Charges,99,auto
28.3,6057,Mortgage Rates: What to Expect in 2016,5299,home/mortgage/rates
28.2,1062,When Should I Consider Private Student Loan Consolidation?,17391,student/refinance/consolidation
27.7,2274,It IS Easy Being Green: VA Energy Efficient Mortgage,154,home/va
27.3,16054,Is a Home Equity Line of Credit Tax Deductible?,7471,home/home-equity/heloc
26.8,6100,Brexit: What Is It and Why Does It Matter?,5299,home/mortgage/rates
25.9,3340,Should You Refinance Your Home or Pay It Off?,150,home/refinance
25.6,3292,Lending Money to Family: Things to Consider,176,finance
25.5,992,3 Reasons to Refinance Your Parent PLUS Loan,172,student/refinance
25.4,15651,Using Home Repair Loans to Fix or Maintain a House,7430,home/home-equity/home-improvement
25.2,465,"Thank You for Your Service: VA Loans, Educational Assistance, and Other Veterans Administration Benefits",154,home/va
24.8,10162,How to Find Your Best Home Insurance Deal in 2017,4825,insurance/home
24.1,14849,LendingTree Launches Home Valuation Tool for My LendingTree,25,home
23.8,3461,How Much Mortgage Can You Afford?,146,home/mortgage
23.7,5806,How to Check Your Credit Report: Things You Should Be Looking For,2206,credit-score
23.6,3914,Small Business Loan Application Requirements: Private vs. Government,7494,business/requirements
23.6,3554,Step 4: Negotiating Home Sale Offers,146,home/mortgage
23.6,14168,Tips for Tackling Your Student Loan Amortization Schedule,172,student/refinance
23.5,697,5 Signs It's Time to Sell Your Business,129,business
22.7,3551,Five reasons to buy a home around the holidays,146,home/mortgage
22.6,2287,Q&A: What Is the Highest Credit Score Possible?,2206,credit-score
22.5,3420,"Mortgage Insurance: What, When, and Why",146,home/mortgage
21.7,6041,What Does My Credit Score Mean in 2017,2206,credit-score
21.6,15487,How Much Does College Cost? Understanding The Average Cost of College,168,student
21.5,3101,Benefits of Debt Consolidation,138,debt-consolidation
21.2,16867,SBA 7a Loan: The Most Popular Small Business Administration Loan,8015,business/sba
20.9,3408,How Much Shopping Around for a Mortgage Can Save You,146,home/mortgage
20.9,5774,Title Insurance: What You Pay When You Refinance,150,home/refinance
19.5,698,"What Small Business Owners Need to Know About Patents, Copyrights, and Trademarks",129,business
19.5,10158,How to Get Cheap Auto Insurance,160,insurance/auto
19.4,6045,What Does Charge Off Mean On Your Credit Report?,2206,credit-score
19.3,3520,Home buying mistakes,146,home/mortgage
19.2,8823,Consumer Loans: Explore Your Lending Options,176,finance
19.1,3528,Is that home price fair market value?,146,home/mortgage
18.7,7701,6 Things Debt-Free Families Have in Common,138,debt-consolidation
18.6,3950,Running a Small Business: Tips from Successful Business Owners,129,business
18.2,3853,4 Common Struggles for Small Business Owners,129,business
18.1,2255,5 House Hunting Tips for Veterans,154,home/va
18,3020,10 Tips for First Time Car Buyers,99,auto
17.8,5809,Prevent identity theft,2206,credit-score
17.6,7092,How to Save for a House,7449,home/mortgage/down-payment
17.6,938,How to Save on Car Insurance,160,insurance/auto
17.3,6067,What is a Promissory Note?,2206,credit-score
17.3,1054,Is a Direct Consolidation Loan the Best Move for You?,17391,student/refinance/consolidation
17.3,12802,The Ultimate Guide to Student Loan Forgiveness for Nurses,168,student
17,25855,"Competition among lenders was worth over $25,000 to borrowers last week",5299,home/mortgage/rates
16.6,2362,HUD Approved Housing Counselors: How They Help,27,home/fha
16.5,7795,5 Steps for Business Credit Repair,129,business
16.3,3077,5 Smart Ways to Get Out of Debt,138,debt-consolidation
16.2,3516,Ask an Expert: Buying and selling a home,146,home/mortgage
16.1,2361,FHA Mortgages: Are You Ready for Electronic Signatures?,27,home/fha
16,7617,6 Steps to Setting Up a Small Business,7494,business/requirements
16,8923,How Much Is Home Insurance?,4825,insurance/home
16,12787,How Do Student Loans Work? Here's Everything You Need to Know.,168,student
15.6,3926,How to Fund A Small Business,7494,business/requirements
15.5,3033,What Car Should I Buy?,99,auto
15.2,1121,How To Get an Online Business Loan,7494,business/requirements
15.2,13591,VA Home Loans and First-Time Homebuyers,154,home/va
15.1,8223,Your Guide to the Federal Perkins Loan Program,168,student
14.8,3450,Mortgage Down Payment Can Be Smaller Than You Think,7449,home/mortgage/down-payment
14.8,1053,5 Questions to Ask Before Choosing a College Major,168,student
14.5,13601,Refinance Rates: The Role of the Federal Reserve,150,home/refinance
14.3,7529,When Renting is Better than Buying a Home?,176,finance
14.3,12998,Understanding Home Warranty Insurance,4825,insurance/home
14,10154,Auto Insurance Discounts,160,insurance/auto
13.7,21252,How Much Car Can I Afford? Establishing a Car Buying Budget,99,auto
13.7,5820,Different Hoax for Different Folks: Mortgage Advertising Scams,2206,credit-score
13.5,29290,LendingTree Reveals Where Homebuyers See the Most Mortgage Lender Competition,146,home/mortgage
13.5,26522,How to Buy Your Dream Home in 1 Year,146,home/mortgage
13.4,2351,2015 FHA Appraisal Guide,27,home/fha
13.2,1938,Credit Card Rules to Know as Students Head Back to School,133,credit-cards/tips
13.2,3825,The Complete Guide to Graduate Student Loans,168,student
12.6,3308,6 Smart Ways to Leverage Your Home Equity,142,home/home-equity
12.5,667,How to Find a Free Office (Or One That is Extremely Cheap),129,business
12.1,6112,4 Important Things to Consider When Getting a Small Business Loan,8474,business/small
12.1,696,What to Do When Your Revenue Plateaus and You're Out of Ideas,129,business
11.6,20253,Discover Student Loans Review,168,student
11.4,982,Student Loan Refinance: Know Your Options,172,student/refinance
11.4,665,How to Shut Down a Failing Small Business,129,business
11.4,2349,Is an FHA Mortgage Overpriced?,27,home/fha
10.9,4832,Alternatives to Private Student Loan Forgiveness,172,student/refinance
10.9,474,Can You Refinance Federal Student Loans?,172,student/refinance
10.8,3477,15-Year Mortgages Can Mean Big Savings,146,home/mortgage
10.7,5817,Jumbo Rates Are Falling Down,146,home/mortgage
10.7,651,"HARP Requirements, Eligibility, & Qualifications",624,home/refinance/harp
10.3,3406,Will Mortgage Protection Insurance Benefit You?,146,home/mortgage
10.2,685,6 Ways to Research Your Competition,129,business
10.1,4087,FAFSA Application Guide: 7 Steps to Get Started,168,student
10.1,1061,Student Loan Deferment and Forbearance: What's the Difference?,168,student
10,5735,Allowance For Kids: How Much is too Much,176,finance
10,10014,Best Ways to Add Value to Your Home,7430,home/home-equity/home-improvement
9.8,30157,How to Find the Best Extended Car Warranty,99,auto
9.8,472,How to Apply for Federal Student Loans,168,student
9.6,15609,How Much Does a Car Cost?,99,auto
9.5,5193,Will Mortgage Underwriting Get Tougher?,146,home/mortgage
9.2,3390,Local Communities Work to Increase Real Estate Affordability,146,home/mortgage
9,1047,How to Get a Student Loan,168,student
9,17771,Connext Student Loan Refinancing Review,172,student/refinance
8.7,3371,"Refinancing can Save Money, but not for Long",150,home/refinance
8.5,7561,Guide to Student Grants – How and Where to Find Them,168,student
8.3,3448,Best Mortgages: How to Find Them,146,home/mortgage
8.3,986,7 Ways to Pay Off Your Student Loans Faster,172,student/refinance
8,666,How to Fire Ineffective Employees,129,business
8,3440,How Much Does it Cost to Sell a House?,7457,home/mortgage/closing-costs
8,3367,Why Waiting to Refinance Could Cost You $21k,150,home/refinance
7.6,7667,How to Buy a House with No Money Down,7449,home/mortgage/down-payment
7.4,3476,6 Mortgage shopping myths,146,home/mortgage
7.2,3376,Learn How to Refinance Jumbo Loans,150,home/refinance
7.2,13194,What Does Homeowners Insurance Cover? What Is Not Covered?,4825,insurance/home
7,6020,HARP Extension 2017: Act Soon,624,home/refinance/harp
6.9,989,What Are the Consequences of Defaulted Student Loans?,172,student/refinance
6.8,447,Should I Get a Loan for My New Powersport Vehicle?,117,auto/powersport
6.8,5754,How Your Checking Account Impacts Your Credit Score,2206,credit-score
6.8,22876,Which Loan Term Is Right for Your Refinance?,150,home/refinance
6.8,983,Can a Student Loan Refinance Make Homes More Affordable?,172,student/refinance
6.8,978,Options for Refinancing Student Loans: 3 Factors to Consider,172,student/refinance
6.7,5765,Survey: 44% of $100-149K Earners Live Paycheck to Paycheck,176,finance
6.7,3433,Does Your Lender Have Their Mortgage License?,146,home/mortgage
6.7,23693,Mortgage Rate Competition Index Widens,5299,home/mortgage/rates
6.6,13594,Refinancing a Home: Are Points a Rip-off?,150,home/refinance
6.6,6055,The History of Mortgage Rates: Then and Now,5299,home/mortgage/rates
6.5,6031,What Does a Mortgage Rate Spike Mean for Buyers and Sellers?,5299,home/mortgage/rates
6.4,1955,Tips to Help College Students Manage Credit Cards,133,credit-cards/tips
6.4,7823,9 Things That Can Boost the Cost of Selling a House,146,home/mortgage
6.4,3383,Rent or Buy a Home: Which Is More Affordable?,146,home/mortgage
6.4,13081,How Much Car Insurance Do I Need?,160,insurance/auto
6.3,17276,Supplementing Working Capital with a Working Capital Line of Credit,8024,business/working-capital
6.3,5177,Mortgage Fraud: Don't Be an Accidental Criminal,146,home/mortgage
6.3,937,Filing an Auto Insurance Claim,160,insurance/auto
6.1,3102,Using a Home Equity Loan for Debt Consolidation,138,debt-consolidation
6,661,10 Research Tools that Every Small Business Should Invest In,129,business
6,3518,10 Steps to Buying Your First Home,146,home/mortgage
6,3391,New Tax Credit for First-time Home Buyers Proposed on Capitol Hill,146,home/mortgage
6,3339,10 Best Refinancing Tips for Homeowners,150,home/refinance
6,652,Why You Need a HARP Refinance Now,624,home/refinance/harp
6,16679,How Does Consolidating Student Loans Affect Your Credit?,17391,student/refinance/consolidation
6,3061,How to Avoid Student Debt: A 5-Step Guide,168,student
6,10288,Student Loan Interest Deduction,168,student
5.8,5998,Why Jumbo Mortgage Rates Are Sagging,146,home/mortgage
5.8,479,Reverse Mortgage: What If You Enter Long Term Care?,234,home/reverse
5.6,3006,How to Get the Best Car Loan Available,99,auto
5.6,689,How Much Should You Pay Employees? 4 Ways to Know,129,business
5.6,5769,Types of Credit: Tips for Credit Improvement,2206,credit-score
5.6,1075,3 Situations You May Need a Private Student Loan,168,student
5.6,990,How Much Can You Save with a Student Loan Refinance?,172,student/refinance
5.5,29559,"$35,108 in Savings Possible for Refinance Borrowers From Shopping Around",5299,home/mortgage/rates
5.3,3550,What is Title Insurance?,146,home/mortgage
5.2,669,Bootstrapping Your Business: How to Start a Business with No Money,129,business
5.2,692,How to Boost Company Morale Without Giving Raises,129,business
5.2,16930,Why Understanding Business Line of Credit Requirements Will Make You a Better Candidate,8022,business/line-of-credit
5.2,3389,Inflation's Summer Vacation Is Good News for Mortgage Rates,146,home/mortgage
5.2,3388,Latest Figures Show Distressed Mortgages on the Wane,146,home/mortgage
5.2,3386,Mortgage Rates Too High for 41 Percent of All Current Borrowers,146,home/mortgage
5.2,7625,What You Need to Know About Student Debt,172,student/refinance
5.2,1073,What Happens When You Miss a Student Loan Payment?,172,student/refinance
5.2,997,3 Situations Where You May Want to Avoid Refinancing Your Student Loans,172,student/refinance
5.1,29511,Lightstream Auto Loan Review,99,auto
5,678,5 Tips for Avoiding a Cycle of Debt with Small Business Loans,8474,business/small
5,3084,Choosing a Debt Consolidation Solution in 2018,138,debt-consolidation
5,7853,How to Find Average Mortgage Rates,5299,home/mortgage/rates
5,29814,"$36,176 in Savings Possible for Refinance Borrowers From Shopping Around",5299,home/mortgage/rates
5,996,How to Refinance Law School Loans,172,student/refinance
4.8,16947,Equipment Leasing vs Equipment Financing: Which is Better?,8026,business/equipment
4.8,681,How to Market Your Small Business for Success,129,business
4.8,668,How to Prepare Your Small Business for Tax Season,129,business
4.8,695,5 Typical Growing Pains Small Businesses Will Have to Overcome,129,business
4.8,2339,Refinance an FHA Loan Easily with the Streamline Program,27,home/fha
4.8,5726,Inflation Looks Like a Bigger Threat to Mortgage Rates than the Fed,146,home/mortgage
4.8,7651,Interest-Only Mortgages: What Are They and Are They a Good Option?,146,home/mortgage
4.8,2303,How Reverse Mortgages Are Becoming Respectable,234,home/reverse
4.4,688,How Small Business Owners Should Pay Themselves,129,business
4.4,677,Signs It's Time to Think About Refinancing a Business Loan,129,business
4.4,6075,Should You Put Christmas on Credit This Year?,133,credit-cards/tips
4.4,5771,Credit Payment History: How it Affects Your Credit Score,2206,credit-score
4.4,5772,Debt Management Fail: Study Says 35 Percent of Americans in Default,19622,debt-relief
4.4,5182,New State Rankings Report Says Down Payment Amounts are Increasing,7449,home/mortgage/down-payment
4.4,3437,Mortgage News: Lender Complaints Decline,146,home/mortgage
4.4,3385,The Clock Is Ticking: Why You Should Buy a Home Now,146,home/mortgage
4.4,3446,Why the Mortgage Comparison Game Has Become Easier,146,home/mortgage
4.4,3247,Inflation Is Rising: Could Now Be the Time to Get a Personal Loan?,164,personal
4.4,993,Student Loan Relief: 5 Options to Keep in Mind,172,student/refinance
4,662,Who Should Inherit My Business?,129,business
4,12704,Debt Help: What is the definition of debt?,138,debt-consolidation
4,11811,Debt Help: Where Do I Start?,138,debt-consolidation
4,3107,Setting Financial Goals,176,finance
3.6,3959,An Easy Way to Get New Business Loans,129,business
3.6,682,4 Tips on How Small Business Owners Can Create a Work-Life Balance,129,business
3.6,25902,Family Debt Management - Tackling Debt as a Couple,138,debt-consolidation
3.6,20042,"Holiday Shopping Survey Suggests Bigger Budgets, Selfless Spending and Mobile Shopping Among Parents this Holiday Season",176,finance
3.6,3384,Bank Staff Cuts Could Affect Shopping for Mortgages,146,home/mortgage
3.6,3460,Is There Life in the Housing Market Yet?,146,home/mortgage
3.6,6082,4 Things You Need to Know About the 2016 Mortgage Market,5299,home/mortgage/rates
3.6,3392,"Will Brexit Lead to Mortgage Opportunities, or Shut Them Down?",146,home/mortgage
3.6,1046,Millennials: Pay Off Student Loans or Save for Retirement?,168,student
3.3,2338,"8 Common Concerns: First Time Home Buyer Questions, Answered",27,home/fha
3.2,693,4 Marketing Mistakes to Avoid If You Want to Keep Growing Your Business,129,business
3.2,3444,"Buying a Home; Ready, Set, Move",146,home/mortgage
3.2,3458,FHA Loan Qualifications: What You Need to Know,146,home/mortgage
3.2,5815,Negotiating the Lowest Mortgage Interest Rates,5299,home/mortgage/rates
3.2,3447,Mortgage Types: Translation Please!,7455,home/mortgage/types
3.2,2275,What is a VA Loan? 8 Things You Must Know,7501,home/va/requirements
3.1,29092,"What Is a DBA, and When Should You File for One?",129,business
2.8,5757,Credit Score and Mortgage: Five Surprising Things You Don't Know,2206,credit-score
2.8,5999,Forecast: How Long Can Mortgage Rates Defy the Odds?,5299,home/mortgage/rates
2.8,3545,Title Insurance Basics,146,home/mortgage
2.4,2336,Millennial US Homeownership Rate on the Rebound,27,home/fha
2.4,6061,What if Mortgage Rates Went Back to the Future?,5299,home/mortgage/rates
2.4,3504,A Teaser Rate: Is that low interest rate too good to be true?,146,home/mortgage
2.4,6108,Why Now Is the Time to Refinance Your Mortgage,150,home/refinance
2.3,30048,"Personal Loans in Raleigh, N.C.",164,personal
2,3421,Mortgages: Loan Demand Soars with Rising Home Sales,146,home/mortgage
1.6,30405,What Is Automatic Stay in Bankruptcy?,23650,bankruptcy
1.6,5728,Brexit and Low Mortgage Rates for the Summer,5299,home/mortgage/rates
1.5,30319,A Small Business Owner’s Guide to Cash Flow Analysis,129,business
1.2,26945,Chapter 11 Bankruptcy: Understanding the Basics,23650,bankruptcy
0.8,3411,9 Ways To Save Money on Your Mortgage Before You Close,146,home/mortgage
0.4,30803,15 Best Business Apps for Entrepreneurs,129,business
0.4,23603,"Starts miss expectations, but uptrend remains intact",25,home
0.4,25036,"Competition among lenders was worth $26,000 to borrowers last week",5299,home/mortgage/rates
0.4,3402,5 Tips on Shortening Your House Hunt So You Can Buy Now,146,home/mortgage
0.4,3354,Should You Refinance with Your Current Lender?,150,home/refinance
0,30822,The Parent’s Guide to Buying a Car for a Teen Driver,99,auto
0,30773,New vs. Used RV Loans: What's the Difference?,121,auto/rv
0,30455,Understanding the COJ (Confession of Judgment),129,business
0,30537,Guide to Owning a Medical Practice,129,business
0,30827,The Different Types of Personal Guarantees for Your Business,7494,business/requirements
0,30834,How to Start a Restaurant: 18 Steps to Follow,129,business
0,30138,Can I Remove a Bankruptcy Filing From My Credit Report?,20369,credit-repair
0,20839,How To Get Out Of Credit Card Debt,7443,debt-consolidation/credit-card
0,30376,Debt Relief Options for Senior Citizens,138,debt-consolidation
0,457,Debt Restructuring VS Debt Consolidation,138,debt-consolidation
0,23222,Jobs growth strongest since July 2016 but wages disappoint,176,finance
0,2986,How to Make a Budget: Rules of Thumb,176,finance
0,21153,Jobs report adds to upward pressure on interest rates,176,finance
0,435,New FHFA Director May Change U.S. Housing Policy,27,home/fha
0,3332,HELOC Balloon Payments: Finding a Way Out,7471,home/home-equity/heloc
0,3310,Should You Use a Home Equity Loan for College Expenses?,142,home/home-equity
0,3333,7 Home Equity Loan Rules to Live by,142,home/home-equity
0,7994,How Does a Home Equity Loan Work?,142,home/home-equity
0,22558,Tax plan bites new home sales,25,home
0,3519,Choosing the best lender for your needs,146,home/mortgage
0,21717,Northeast Hints at Tax Weakness,146,home/mortgage
0,21732,Buyers rushed into high priced homes as tax threat loomed,146,home/mortgage
0,21587,"Sharp drop in starts is not a cause for concern, but starts are still lagging demand",146,home/mortgage
0,7067,How Much House Can I Afford?,146,home/mortgage
0,22508,Starts jump to highest since October 2016,146,home/mortgage
0,20689,Little near-term impact expected on mortgage rates from Fed action,146,home/mortgage
0,3544,4 Mortgage Tax Benefits You Get When Owning a Home,146,home/mortgage
0,3490,Negotiating a house purchase in today's market,146,home/mortgage
0,20863,Existing home sales at 11-year high,146,home/mortgage
0,20825,Single-family starts rise to 10-year high,146,home/mortgage
0,20912,"Wind, rain and fire drive new home sales to 10-year high",146,home/mortgage
0,5831,A 15 Year Mortgage Is a Benefits Bonanza,5299,home/mortgage/rates
0,5833,Advantages of a 15 Year Mortgage,5299,home/mortgage/rates
0,5814,Do Mortgage Rates Vary by Lender?,5299,home/mortgage/rates
0,30271,"$26,404 in Savings Possible for Homebuyers Shopping Around for a Mortgage",5299,home/mortgage/rates
0,5985,The 15-Year Fixed-Rate Refinance,5299,home/mortgage/rates
0,5548,Understanding Lender Fees,146,home/mortgage
0,3370,Is it Bad to Refinance Your Home Multiple Times?,150,home/refinance
0,3369,Cash Out Refinance For Home Improvement,7459,home/refinance/cash-out
0,3349,How to Refinance Rental Property,150,home/refinance
0,13587,Refinancing with Low Equity,150,home/refinance
0,3353,Should I Refinance My Mortgage: Rule of Thumb,150,home/refinance
0,3277,How to Get Approved for a Personal Loan by Improving Your Chances,164,personal
0,14687,Can You Take Out a Personal Loan for Infertility?,164,personal
0,6089,How to Negotiate Medical Bills,3113,personal/medical
0,10789,Protect Yourself From Credit Card Fraud,133,credit-cards/tips
0,12496,Credit Card Application 101,133,credit-cards/tips
0,12672,Debit Card 101: Everything You Need to Know,133,credit-cards/tips
0,12679,How to Protect Yourself from Credit Card Skimmers,133,credit-cards/tips
0,12714,What Is a Credit Card Authorization Form?,133,credit-cards/tips
0,12719,Best Credit Cards for Building Credit,133,credit-cards/tips
0,14733,How will a rate hike impact credit card holders? A Q&A with Chris Mettler,133,credit-cards/tips
0,17806,LendingTree Study Finds Time to Close Purchase Mortgage is Decreasing,176,finance
0,1939,5 Ways to Avoid Making a Late Payment On Your Credit Card,133,credit-cards/tips
0,1940,5 Things to Do Before You Close Your Credit Card,133,credit-cards/tips
0,1941,12 Tips for Using Credit Cards When Traveling,133,credit-cards/tips
0,1942,Can You Have Too Many Credit Cards?,133,credit-cards/tips
0,1943,"Merchants Give Up on CurrentC, Designed to Be an Alternative to Credit Cards",133,credit-cards/tips
0,1945,Chase Freedom Unlimited vs. Chase Freedom: How the Cards Compare,133,credit-cards/tips
0,1946,4 Ways Credit Cards Can Help You Be Generous to Others,133,credit-cards/tips
0,1947,"Can You ""Gift"" Credit Card Points to Family and Friends?",133,credit-cards/tips
0,1948,The Fight Continues Between Retailers and Payment Networks Over Credit Card Merchant Fees,133,credit-cards/tips
0,1949,5 Ways to Get Better Credit Card Rewards Redemptions,133,credit-cards/tips
0,1950,Should You Really Get an Airline Credit Card?,133,credit-cards/tips
0,1951,How to Get a Credit Card Issuer to Match a Higher Offer,133,credit-cards/tips
0,1952,5 Credit Card Myths You Should Ignore,133,credit-cards/tips
0,1953,The Impact of the Federal Funds Rate on Your Credit Card Interest Rates,133,credit-cards/tips
0,1954,6 Ways to Maximize Credit Card Points You Might Not Be Using,133,credit-cards/tips
0,1956,Can Getting Another Credit Card Affect My Credit Score?,133,credit-cards/tips
0,1957,How to Choose the Best Reward Credit Cards: Using Rewards Calculators,133,credit-cards/tips
0,1959,Credit Card Rates: 7 Ways to Beat Credit Card Companies at Their Own Game,133,credit-cards/tips
0,1960,Plastic Pageant: Credit Cards Beat Prepaid and Debit Cards,133,credit-cards/tips
0,1961,How Do Credit Cards and Grace Periods Work?,133,credit-cards/tips
0,1963,How To Choose A Secured Credit Card,133,credit-cards/tips
0,1964,Find the best credit card deals,133,credit-cards/tips
0,1965,Ask an expert: Credit card minimum payments,133,credit-cards/tips
0,1966,Teaching kids how to use credit cards,133,credit-cards/tips
0,1967,Tips for using credit cards,133,credit-cards/tips
0,1968,Using credit cards for large purchases,133,credit-cards/tips
0,1969,Using a Credit Card Wisely Can Improve Your Credit Score,133,credit-cards/tips
0,1970,"Points, Miles, or Cash: Which Credit Card Rewards Are Best for Me?",133,credit-cards/tips
0,1971,Choosing Airline Credit Cards,133,credit-cards/tips
0,1972,Best Credit Cards for People with Fair Credit,133,credit-cards/tips
0,1973,Our Best Credit Cards by Category,133,credit-cards/tips
0,1975,Q&A: What credit questions should you ask before heading overseas?,133,credit-cards/tips
0,1976,Options for Refinancing Your Credit Card Debt,133,credit-cards/tips
0,1977,How the number of credit cards you have impacts your credit score,133,credit-cards/tips
0,1978,Top 5 Credit Cards For Good Credit,133,credit-cards/tips
0,1979,The Best Business Credit Cards,133,credit-cards/tips
0,1980,How to Travel Like a Credit Card Points Pro,133,credit-cards/tips
0,1981,Q&A: Is It a Good Idea to Co-sign for a Credit Card for My Child?,133,credit-cards/tips
0,1982,"Q&A: If I Declare Bankruptcy, Will My Credit Card Debts Go Away?",133,credit-cards/tips
0,1983,How a Rewards Credit Card Can Save You Money,133,credit-cards/tips
0,1984,Credit Card Strategies: How to Use Credit Cards to Your Advantage,133,credit-cards/tips
0,1985,EMV Credit Cards: What You Need to Know,133,credit-cards/tips
0,1986,6 Best Cash Back Credit Cards,133,credit-cards/tips
0,1987,Which Credit Card is Best for Travel?,133,credit-cards/tips
0,1988,Should You Pay Your Taxes With a Credit Card?,133,credit-cards/tips
0,1989,Q&A: What to Do About a Late Credit Card Payment,133,credit-cards/tips
0,1990,5 Best Credit Cards of 2015,133,credit-cards/tips
0,1991,7 Best Rewards Credit Cards,133,credit-cards/tips
0,1992,4 Credit Cards with Epic Signup Bonuses,133,credit-cards/tips
0,1993,Secret Perks Your Rewards Credit Card Probably Offers,133,credit-cards/tips
0,1994,How to Maximize Your Chase Ultimate Rewards Points,133,credit-cards/tips
0,1995,10 Major Benefits of the Credit CARD Act of 2009,133,credit-cards/tips
0,1996,Want to Budget Smart? Try Using a Credit Card,133,credit-cards/tips
0,1998,How to Earn a Companion Pass Using the Southwest Rapid Rewards Credit Cards,133,credit-cards/tips
0,1999,4 Tips to Maximize Credit Card Rewards without Overspending,133,credit-cards/tips
0,2000,Top 5 EMV Chip Credit Cards to Consider,133,credit-cards/tips
0,2001,7 Best Credit Cards For Good Credit,133,credit-cards/tips
0,2002,How to Use Airline Fee Credits,133,credit-cards/tips
0,2003,Best First Credit Card,133,credit-cards/tips
0,2004,Credit Card Users to Gain More Control Over Their Accounts,133,credit-cards/tips
0,2005,5 Credit Cards Offering Travel Protection,133,credit-cards/tips
0,2006,Best Secured Business Credit Cards,133,credit-cards/tips
0,2007,How Your Credit Card Can Save You Money On Business Purchases,133,credit-cards/tips
0,2008,When Is Transferring a Credit Card Balance Worth It?,133,credit-cards/tips
0,2009,Credit Cards with Airport Lounge Access,133,credit-cards/tips
0,2010,The Ultimate Guide to Business Credit Cards,133,credit-cards/tips
0,2011,How Credit Card Companies Are Offering Credit Scores With Added Features,133,credit-cards/tips
0,2013,Make Sure Your Credit Card's Rental Car Insurance Will Cover You,133,credit-cards/tips
0,2014,Here's How You Can Make Money Shopping for a Spring Wardrobe,133,credit-cards/tips
0,2015,Get Ready To Pay With Your Fingerprints,133,credit-cards/tips
0,2016,3 Risks of EMV Chip Credit Cards,133,credit-cards/tips
0,2017,10 Tips on Using Credit Cards Responsibly,133,credit-cards/tips
0,2019,What's Going On With EMV Smart Chips?,133,credit-cards/tips
0,2020,Top Four Financial Mistakes Businesses Make When Using Credit Cards,133,credit-cards/tips
0,2021,Top Rewards Credit Cards for Frequent Diners,133,credit-cards/tips
0,2022,Use Credit Cards to Help with Your Taxes,133,credit-cards/tips
0,2023,5 Super Simple Ways to Make an Extra $500 a Year,133,credit-cards/tips
0,2024,24 Ways to Save Money on Travel,133,credit-cards/tips
0,2025,What Are Contactless Credit Card Payments?,133,credit-cards/tips
0,2026,LendingTree's Top 10 Credit Card Tips for Spring,133,credit-cards/tips
0,2027,6 Ways to Get the Best Price on Your Purchases,133,credit-cards/tips
0,2028,4 Credit Cards for Sports Fans,133,credit-cards/tips
0,2029,"Finally, Faster Chip Card Transactions Are Coming",133,credit-cards/tips
0,2030,11 Household Bills You Can Probably Pay with a Credit Card,133,credit-cards/tips
0,2031,Best Credit Cards 2016,133,credit-cards/tips
0,2032,The Flaws of EMV Chip Cards,133,credit-cards/tips
0,2034,4 Signs Your Finances Are Ready for a Rewards Credit Card,133,credit-cards/tips
0,2035,Credit Card Use Up According to American Bankers Association,133,credit-cards/tips
0,2036,Using Travel Rewards as a Busy Working Professional,133,credit-cards/tips
0,2037,Do You Need a Program to Keep Track of Your Credit Card Rewards?,133,credit-cards/tips
0,2038,3 Ways a 0% Intro APR Credit Card Can Help Your Credit,133,credit-cards/tips
0,2039,Avoid Excessive Credit Card Fees When Traveling Outside the United States,133,credit-cards/tips
0,2040,4 Signs You Should NEVER Get a Rewards Credit Card,133,credit-cards/tips
0,2041,5 Things You Should Never Do with a Credit Card,133,credit-cards/tips
0,2042,Why a Credit Card Might Be the Perfect Short-Term Loan,133,credit-cards/tips
0,2044,Are Thieves Really After Your Credit Card Points?,133,credit-cards/tips
0,2045,How to Avoid Paying Credit Card Interest,133,credit-cards/tips
0,2046,EMV Chip Credit Cards: 6 FAQs,133,credit-cards/tips
0,2047,5 Signs You Could Benefit from a Balance Transfer Card,133,credit-cards/tips
0,2048,Rewards Credit Cards Aggressively Target Warehouse Store Shoppers,133,credit-cards/tips
0,2049,6 Easy Mistakes to Make When You're Pursuing Credit Card Rewards,133,credit-cards/tips
0,2050,More States Accepting Credit Cards for Driver's License and Vehicle Registration Fees,133,credit-cards/tips
0,2051,"When it Comes to Credit Cards, Retailers and Customers Agree: Both Hate Change",133,credit-cards/tips
0,2052,Chase Freedom® Bonus Categories 2016,133,credit-cards/tips
0,2053,Flexible Travel Credit Cards that Let You Book a Room with ANY Hotel,133,credit-cards/tips
0,2054,4 Reasons to Quit Credit if You're in Debt,133,credit-cards/tips
0,2056,Faster Credit Card Chip Readers Finally Being Deployed,133,credit-cards/tips
0,2057,8 Ways to Earn Airline Miles without Traveling,133,credit-cards/tips
0,2058,6 Reasons You Need to Use a Credit Card,133,credit-cards/tips
0,2059,Do Credit Cards Really Offer Rental Car Insurance?,133,credit-cards/tips
0,2060,Everything You Need to Know About Your Visa Infinite Benefits,133,credit-cards/tips
0,2061,Which Credit Cards Offer Travel Insurance?,133,credit-cards/tips
0,2062,Pros and Cons of Business Credit Cards,133,credit-cards/tips
0,2063,Drowning in Debt? Use These Balance Transfer Tools to See How Much You Could Save,133,credit-cards/tips
0,2064,New Technology Enables Credit Cards to 'Talk' to Each Other and Mobile Devices,133,credit-cards/tips
0,2065,Bank Pays Huge Fine for Fraud by Rogue Employees,133,credit-cards/tips
0,2066,Best Travel Rewards Tools,133,credit-cards/tips
0,2067,Almost Half of Millennials Don't Use Credit,133,credit-cards/tips
0,2069,5 Best Money Management Tools,133,credit-cards/tips
0,2331,Refinancing Your Reverse Mortgage,234,home/reverse
0,3009,Part 1: Car Loan Financing Overview,99,auto
0,3021,Car Financing: Know Your Options,99,auto
0,3395,What is PMI and is it really that bad?,7449,home/mortgage/down-payment
0,3409,What Is the Difference Between Mortgage Rate and APR?,146,home/mortgage
0,3466,Mortgage Q & A: Getting A Home Loan After Bankruptcy,146,home/mortgage
0,3473,A Good Faith Estimate (GFE) details mortgage fees,146,home/mortgage
0,3510,Do I have to have private mortgage insurance (PMI),7449,home/mortgage/down-payment
0,3517,Condo vs. House: Which is right for you?,146,home/mortgage
0,3529,The HUD-1 Settlement Statement,146,home/mortgage
0,3530,Is PMI Tax Deductible?,7449,home/mortgage/down-payment
0,3538,Pros and Cons of Condominium Living,146,home/mortgage
0,5399,5 Ways to Make Smarter Use of Your Credit Cards,133,credit-cards/tips
0,5589,Good Faith Estimate,146,home/mortgage
0,5713,6 Reasons You Need a Credit Card with an Annual Fee,133,credit-cards/tips
0,5717,Spark® Miles Select for Business Review,133,credit-cards/tips
0,5736,Fed Slashes Interest Rates,133,credit-cards/tips
0,5738,7 credit card agreement terms defined,133,credit-cards/tips
0,5739,7 ways to protect yourself from credit card fraud,133,credit-cards/tips
0,5761,Secured Credit Cards,133,credit-cards/tips
0,5763,Can You Change Your Credit Card's Due Date?,133,credit-cards/tips
0,5767,Survey: 52% of Americans Are Clueless About Credit Card Rewards,133,credit-cards/tips
0,5792,Credit cards with reward benefits,133,credit-cards/tips
0,5793,Avoiding credit card traps,133,credit-cards/tips
0,5794,Credit card minimum payments,133,credit-cards/tips
0,5795,How Fed rate cuts affect credit card interest rates,133,credit-cards/tips
0,5796,The hidden costs of credit cards,133,credit-cards/tips
0,5797,What you need to know about credit cards,133,credit-cards/tips
0,5798,Why store credit cards can ruin your credit score,133,credit-cards/tips
0,5987,CAIVRS: The Government's Secret DO-NOT-LEND List,146,home/mortgage
0,5988,How Do Credit Card Introductory APRs Work?,133,credit-cards/tips
0,5993,Do inquiries on my credit report hurt my credit score?,133,credit-cards/tips
0,5996,How to Choose the Best Credit Card for Your Needs,133,credit-cards/tips
0,6007,"APR vs Interest Rate: What's the ""Real"" Mortgage Rate?",5299,home/mortgage/rates
0,6012,3 Tips for Using Credit Cards to Boost Your Credit Score,133,credit-cards/tips
0,6013,The 5 Top Credit Cards At LendingTree,133,credit-cards/tips
0,6021,Top 5 Credit Cards For Excellent Credit,133,credit-cards/tips
0,6023,5 of the Best Perks to Look for When Shopping for Credit Cards,133,credit-cards/tips
0,6026,You're Spending Too Much On Travel If You Don't Have The Right Card,133,credit-cards/tips
0,6029,Why You Should Understand APR and Use An APR Calculator,133,credit-cards/tips
0,6030,Q&A: Can I get an unsecured credit card if I have bad credit?,133,credit-cards/tips
0,6032,The Best Credit Cards for Young Families,133,credit-cards/tips
0,6033,How to Cancel a Credit Card Without Ruining Your Credit Score,133,credit-cards/tips
0,6035,Q&A: How Many Rewards Credit Cards Should I Have?,133,credit-cards/tips
0,6037,Q&A: How is the minimum payment on credit cards calculated?,133,credit-cards/tips
0,6048,Q&A: Can I Transfer More Than One Card Balance to a Balance Transfer Credit Card?,133,credit-cards/tips
0,6049,8 Ways to Prevent Credit Card Theft,133,credit-cards/tips
0,6050,Q&A: What Should I Do About My Deceased Parent's Credit Cards?,133,credit-cards/tips
0,6051,5 Surefire Ways to Increase Your Credit Card Limit,133,credit-cards/tips
0,6052,This One Trick Can Save You Thousands in Credit Card Debt,133,credit-cards/tips
0,6056,Q&A: What Is a Cash Advance?,133,credit-cards/tips
0,6058,Best Credit Cards for Holiday Shopping 2015,133,credit-cards/tips
0,6059,Q&A: What Is a Black Card?,133,credit-cards/tips
0,6060,Q&A: What is CSC?,133,credit-cards/tips
0,6062,Q&A: What Are Grey Charges on a Credit Card Statement?,133,credit-cards/tips
0,6066,My Credit Card Application Was Declined - Can I Still Get the Card?,133,credit-cards/tips
0,6069,What Do You Need to Rent a Car?,133,credit-cards/tips
0,6070,Q&A: Should I Close Credit Card Accounts if I Don't Use the Cards Anymore?,133,credit-cards/tips
0,6071,Can You Get Cash Back With a Credit Card?,133,credit-cards/tips
0,6072,5 Balance Transfer Credit Cards,133,credit-cards/tips
0,6074,What is a Chargeback?,133,credit-cards/tips
0,6076,Q&A: Will My Credit Card Company Close My Account If I Don't Use My Card?,133,credit-cards/tips
0,6077,3 Best Student Credit Cards,133,credit-cards/tips
0,6078,5 Best No Fee Credit Cards,133,credit-cards/tips
0,6081,How is Credit Card Interest Calculated?,133,credit-cards/tips
0,6085,5 Reasons Higher Credit Card Rewards Don't Make Sense,133,credit-cards/tips
0,6094,5 Ways to Get Out of Paying Your Credit Card's Annual Fee,133,credit-cards/tips
0,6106,American Airlines AAdvantage® Program 2016,133,credit-cards/tips
0,6111,Give Me Credit Cards: Are You Ready for a Cashless Society?,133,credit-cards/tips
0,6113,American's Credit Card Debt Approaches Post Recession Levels,133,credit-cards/tips
0,6114,Are College Students Becoming More Responsible with Credit Cards?,133,credit-cards/tips
0,6115,Best Cash Back Tools,133,credit-cards/tips
0,6116,6 Facts About No Interest Credit Cards,133,credit-cards/tips
0,6117,"With Credit Cards, More Thieves Embracing 'New-Account Fraud'",133,credit-cards/tips
0,6119,"EMV Credit Card Adoption Proceeds, But Merchants Holding Back Progress",133,credit-cards/tips
0,6120,What Do You Need to Qualify for a Business Credit Card?,133,credit-cards/tips
0,6121,Applying for Credit Cards? Your Odds Might Be Better as Average FICO Score Rises,133,credit-cards/tips
0,7551,What's the Difference Between a Charge Card and a Credit Card,133,credit-cards/tips
0,7557,How to Get Approved for a Credit Card After Bankruptcy,133,credit-cards/tips
0,7724,The Truth About Debt Reduction Services,138,debt-consolidation
